iteration,dense_layers,learning_rate,optimizer,activation,dropout,rnn_activation,rnn_dropout,last_activation,rnn_type,rnn_size,last_perf,min_perf,time,
,,,,,,,,,,,,,,
0,10,"[139, 486, 152, 79, 61, 0, 0, 0, 0, 0]",0.005,adam,relu,0,tanh,0,linear,none,0,1.838096929,1.438278794,9.636441
,,,,,,,,,,,,,,
1,10,"[139, 486, 152, 79, 61, 0, 0, 0, 0, 0]",0.005,adam,relu,0,tanh,0,linear,lstm,50,1.273694789,1.145345056,48.311399
,,,,,,,,,,,,,,
2,10,"[139, 486, 152, 79, 61, 0, 0, 0, 0, 0]",0.005,adam,relu,0,tanh,0,linear,lstm,65,1.27391758,1.156304061,50.56525
,,,,,,,,,,,,,,
3,10,"[139, 486, 152, 79, 61, 0, 0, 0, 0, 0]",0.005,adam,relu,0,tanh,0,linear,lstm,80,1.209845078,1.078262103,52.772019
,,,,,,,,,,,,,,
4,10,"[139, 486, 152, 79, 61, 0, 0, 0, 0, 0]",0.005,adam,relu,0,tanh,0,linear,lstm,95,1.281944907,1.179305816,48.953372
,,,,,,,,,,,,,,
5,10,"[139, 486, 152, 79, 61, 0, 0, 0, 0, 0]",0.005,adam,relu,0,tanh,0,linear,lstm,110,1.248308802,1.144736934,49.392258
,,,,,,,,,,,,,,
6,10,"[139, 486, 152, 79, 61, 0, 0, 0, 0, 0]",0.005,adam,relu,0,tanh,0,linear,lstm,125,1.242678249,1.124876189,65.593331
,,,,,,,,,,,,,,
7,10,"[139, 486, 152, 79, 61, 0, 0, 0, 0, 0]",0.005,adam,relu,0,tanh,0,linear,lstm,140,1.260153317,1.162130654,38.969985
,,,,,,,,,,,,,,
8,10,"[139, 486, 152, 79, 61, 0, 0, 0, 0, 0]",0.005,adam,relu,0,tanh,0,linear,lstm,155,1.274123847,1.153502059,40.580921
,,,,,,,,,,,,,,
9,10,"[139, 486, 152, 79, 61, 0, 0, 0, 0, 0]",0.005,adam,relu,0,tanh,0,linear,lstm,170,1.29070015,1.143623805,33.971585
,,,,,,,,,,,,,,
10,10,"[139, 486, 152, 79, 61, 0, 0, 0, 0, 0]",0.005,adam,relu,0,tanh,0,linear,lstm,185,1.312934446,1.221424007,40.2794
,,,,,,,,,,,,,,
11,10,"[139, 486, 152, 79, 61, 0, 0, 0, 0, 0]",0.005,adam,relu,0,tanh,0,linear,lstm,200,1.145557499,1.012264991,44.950239
,,,,,,,,,,,,,,
12,10,"[139, 486, 152, 79, 61, 0, 0, 0, 0, 0]",0.005,adam,relu,0,tanh,0,linear,lstm,215,1.224017441,1.075805724,49.410354
,,,,,,,,,,,,,,
13,10,"[139, 486, 152, 79, 61, 0, 0, 0, 0, 0]",0.005,adam,relu,0,tanh,0,linear,lstm,230,1.260671437,1.172203457,51.577055
,,,,,,,,,,,,,,
14,10,"[139, 486, 152, 79, 61, 0, 0, 0, 0, 0]",0.005,adam,relu,0,tanh,0,linear,lstm,245,1.272807825,1.187337744,39.147371
,,,,,,,,,,,,,,
15,10,"[139, 486, 152, 79, 61, 0, 0, 0, 0, 0]",0.005,adam,relu,0,tanh,0,linear,lstm,260,1.187593234,1.088489985,50.919463
,,,,,,,,,,,,,,
16,10,"[139, 486, 152, 79, 61, 0, 0, 0, 0, 0]",0.005,adam,relu,0,tanh,0,linear,lstm,275,1.23714869,1.115879643,40.808656
,,,,,,,,,,,,,,
17,10,"[139, 486, 152, 79, 61, 0, 0, 0, 0, 0]",0.005,adam,relu,0,tanh,0,linear,lstm,290,1.169652379,1.038763297,40.179985
,,,,,,,,,,,,,,
18,10,"[139, 486, 152, 79, 61, 0, 0, 0, 0, 0]",0.005,adam,relu,0,tanh,0,linear,lstm,305,1.198405433,1.086410081,42.790149
,,,,,,,,,,,,,,
19,10,"[139, 486, 152, 79, 61, 0, 0, 0, 0, 0]",0.005,adam,relu,0,tanh,0,linear,lstm,320,1.300443578,1.214870894,42.36752
,,,,,,,,,,,,,,
20,10,"[139, 486, 152, 79, 61, 0, 0, 0, 0, 0]",0.005,adam,relu,0,tanh,0,linear,lstm,335,1.240573728,1.07400291,43.374383
,,,,,,,,,,,,,,
21,10,"[139, 486, 152, 79, 61, 0, 0, 0, 0, 0]",0.005,adam,relu,0,tanh,0,linear,lstm,350,1.329637051,1.063035095,44.434608
,,,,,,,,,,,,,,
22,10,"[139, 486, 152, 79, 61, 0, 0, 0, 0, 0]",0.005,adam,relu,0,tanh,0,linear,lstm,365,1.348102689,1.124604034,61.896962
,,,,,,,,,,,,,,
23,10,"[139, 486, 152, 79, 61, 0, 0, 0, 0, 0]",0.005,adam,relu,0,tanh,0,linear,lstm,380,1.227537191,1.122928751,51.791239
,,,,,,,,,,,,,,
24,10,"[139, 486, 152, 79, 61, 0, 0, 0, 0, 0]",0.005,adam,relu,0,tanh,0,linear,lstm,395,1.321354103,1.165046823,54.100857
,,,,,,,,,,,,,,
25,10,"[139, 486, 152, 79, 61, 0, 0, 0, 0, 0]",0.005,adam,relu,0,tanh,0,linear,lstm,410,1.28182739,1.173714972,52.213621
,,,,,,,,,,,,,,
26,10,"[139, 486, 152, 79, 61, 0, 0, 0, 0, 0]",0.005,adam,relu,0,tanh,0,linear,lstm,425,1.462969184,1.245417714,47.090751
,,,,,,,,,,,,,,
27,10,"[139, 486, 152, 79, 61, 0, 0, 0, 0, 0]",0.005,adam,relu,0,tanh,0,linear,lstm,440,1.203311944,1.102959621,50.179745
,,,,,,,,,,,,,,
28,10,"[139, 486, 152, 79, 61, 0, 0, 0, 0, 0]",0.005,adam,relu,0,tanh,0,linear,lstm,455,1.386568522,1.166776073,52.250077
,,,,,,,,,,,,,,
29,10,"[139, 486, 152, 79, 61, 0, 0, 0, 0, 0]",0.005,adam,relu,0,tanh,0,linear,lstm,470,1.188702691,1.079763377,55.739334
,,,,,,,,,,,,,,
30,10,"[139, 486, 152, 79, 61, 0, 0, 0, 0, 0]",0.005,adam,relu,0,tanh,0,linear,lstm,485,1.394970632,1.237979198,49.553938
,,,,,,,,,,,,,,
31,10,"[139, 486, 152, 79, 61, 0, 0, 0, 0, 0]",0.005,adam,relu,0,tanh,0,linear,simplernn,50,2.078125525,1.338997507,19.781738
,,,,,,,,,,,,,,
32,10,"[139, 486, 152, 79, 61, 0, 0, 0, 0, 0]",0.005,adam,relu,0,tanh,0,linear,simplernn,65,1.576519895,1.27734592,21.550017
,,,,,,,,,,,,,,
33,10,"[139, 486, 152, 79, 61, 0, 0, 0, 0, 0]",0.005,adam,relu,0,tanh,0,linear,simplernn,80,1.540555453,1.418899107,25.455753
,,,,,,,,,,,,,,
34,10,"[139, 486, 152, 79, 61, 0, 0, 0, 0, 0]",0.005,adam,relu,0,tanh,0,linear,simplernn,95,1.645130682,1.41629777,24.539612
,,,,,,,,,,,,,,
35,10,"[139, 486, 152, 79, 61, 0, 0, 0, 0, 0]",0.005,adam,relu,0,tanh,0,linear,simplernn,110,1.615727234,1.26394788,19.543356
,,,,,,,,,,,,,,
36,10,"[139, 486, 152, 79, 61, 0, 0, 0, 0, 0]",0.005,adam,relu,0,tanh,0,linear,simplernn,125,2.043375993,1.230052865,21.287033
,,,,,,,,,,,,,,
37,10,"[139, 486, 152, 79, 61, 0, 0, 0, 0, 0]",0.005,adam,relu,0,tanh,0,linear,simplernn,140,1.625129926,1.172799671,22.437573
,,,,,,,,,,,,,,
38,10,"[139, 486, 152, 79, 61, 0, 0, 0, 0, 0]",0.005,adam,relu,0,tanh,0,linear,simplernn,155,1.852852845,1.379574311,22.377018
,,,,,,,,,,,,,,
39,10,"[139, 486, 152, 79, 61, 0, 0, 0, 0, 0]",0.005,adam,relu,0,tanh,0,linear,simplernn,170,1.571568966,1.443839931,23.449
,,,,,,,,,,,,,,
40,10,"[139, 486, 152, 79, 61, 0, 0, 0, 0, 0]",0.005,adam,relu,0,tanh,0,linear,simplernn,185,1.732407713,1.359572077,23.701922
,,,,,,,,,,,,,,
41,10,"[139, 486, 152, 79, 61, 0, 0, 0, 0, 0]",0.005,adam,relu,0,tanh,0,linear,simplernn,200,1.59480896,1.397858453,28.150805
,,,,,,,,,,,,,,
42,10,"[139, 486, 152, 79, 61, 0, 0, 0, 0, 0]",0.005,adam,relu,0,tanh,0,linear,simplernn,215,1.802157402,1.414595819,26.313501
,,,,,,,,,,,,,,
43,10,"[139, 486, 152, 79, 61, 0, 0, 0, 0, 0]",0.005,adam,relu,0,tanh,0,linear,simplernn,230,1.654139161,1.450592136,25.23266
,,,,,,,,,,,,,,
44,10,"[139, 486, 152, 79, 61, 0, 0, 0, 0, 0]",0.005,adam,relu,0,tanh,0,linear,simplernn,245,1.746593881,1.340189338,29.381329
,,,,,,,,,,,,,,
45,10,"[139, 486, 152, 79, 61, 0, 0, 0, 0, 0]",0.005,adam,relu,0,tanh,0,linear,simplernn,260,1.58188467,1.444478416,27.581546
,,,,,,,,,,,,,,
46,10,"[139, 486, 152, 79, 61, 0, 0, 0, 0, 0]",0.005,adam,relu,0,tanh,0,linear,simplernn,275,1.721450639,1.414472687,29.062494
,,,,,,,,,,,,,,
47,10,"[139, 486, 152, 79, 61, 0, 0, 0, 0, 0]",0.005,adam,relu,0,tanh,0,linear,simplernn,290,1.734519243,1.452241468,27.847796
,,,,,,,,,,,,,,
48,10,"[139, 486, 152, 79, 61, 0, 0, 0, 0, 0]",0.005,adam,relu,0,tanh,0,linear,simplernn,305,1.51313684,1.475719643,29.617614
,,,,,,,,,,,,,,
49,10,"[139, 486, 152, 79, 61, 0, 0, 0, 0, 0]",0.005,adam,relu,0,tanh,0,linear,simplernn,320,1.769993448,1.555661607,26.220334
,,,,,,,,,,,,,,
50,10,"[139, 486, 152, 79, 61, 0, 0, 0, 0, 0]",0.005,adam,relu,0,tanh,0,linear,simplernn,335,1.715034986,1.45477035,25.977321
,,,,,,,,,,,,,,
51,10,"[139, 486, 152, 79, 61, 0, 0, 0, 0, 0]",0.005,adam,relu,0,tanh,0,linear,simplernn,350,1.63787353,1.487539101,30.593629
,,,,,,,,,,,,,,
52,10,"[139, 486, 152, 79, 61, 0, 0, 0, 0, 0]",0.005,adam,relu,0,tanh,0,linear,simplernn,365,1.774540806,1.591557574,22.214481
,,,,,,,,,,,,,,
53,10,"[139, 486, 152, 79, 61, 0, 0, 0, 0, 0]",0.005,adam,relu,0,tanh,0,linear,simplernn,380,1.48093071,1.426727605,34.937547
,,,,,,,,,,,,,,
54,10,"[139, 486, 152, 79, 61, 0, 0, 0, 0, 0]",0.005,adam,relu,0,tanh,0,linear,simplernn,395,1.689522004,1.581023788,80.421425
,,,,,,,,,,,,,,
55,10,"[139, 486, 152, 79, 61, 0, 0, 0, 0, 0]",0.005,adam,relu,0,tanh,0,linear,simplernn,410,1.698231673,1.516276312,115.990088
,,,,,,,,,,,,,,
56,10,"[139, 486, 152, 79, 61, 0, 0, 0, 0, 0]",0.005,adam,relu,0,tanh,0,linear,simplernn,425,1.885553908,1.630819106,28.628065
,,,,,,,,,,,,,,
57,10,"[139, 486, 152, 79, 61, 0, 0, 0, 0, 0]",0.005,adam,relu,0,tanh,0,linear,simplernn,440,2.088415217,1.732248545,26.608117
,,,,,,,,,,,,,,
58,10,"[139, 486, 152, 79, 61, 0, 0, 0, 0, 0]",0.005,adam,relu,0,tanh,0,linear,simplernn,455,1.617426777,1.528647518,58.193843
,,,,,,,,,,,,,,
59,10,"[139, 486, 152, 79, 61, 0, 0, 0, 0, 0]",0.005,adam,relu,0,tanh,0,linear,simplernn,470,1.573229361,1.499007034,295.959331
,,,,,,,,,,,,,,
60,10,"[139, 486, 152, 79, 61, 0, 0, 0, 0, 0]",0.005,adam,relu,0,tanh,0,linear,simplernn,485,1.548890662,1.507072997,33.91198
,,,,,,,,,,,,,,
0,11,"[139, 486, 152, 79, 61, 0, 0, 0, 0, 0]",0.005,adam,relu,0,tanh,0,linear,none,0,1.82803793,1.266426599,8.525286
,,,,,,,,,,,,,,
1,11,"[139, 486, 152, 79, 61, 0, 0, 0, 0, 0]",0.005,adam,relu,0,tanh,0,linear,lstm,50,1.206426299,1.077848351,40.797785
,,,,,,,,,,,,,,
2,11,"[139, 486, 152, 79, 61, 0, 0, 0, 0, 0]",0.005,adam,relu,0,tanh,0,linear,lstm,65,1.261439657,1.096329451,35.059644
,,,,,,,,,,,,,,
3,11,"[139, 486, 152, 79, 61, 0, 0, 0, 0, 0]",0.005,adam,relu,0,tanh,0,linear,lstm,80,1.333159518,1.207177281,40.493882
,,,,,,,,,,,,,,
4,11,"[139, 486, 152, 79, 61, 0, 0, 0, 0, 0]",0.005,adam,relu,0,tanh,0,linear,lstm,95,1.231013763,1.115237141,40.067028
,,,,,,,,,,,,,,
5,11,"[139, 486, 152, 79, 61, 0, 0, 0, 0, 0]",0.005,adam,relu,0,tanh,0,linear,lstm,110,1.242791784,1.1156142,38.459546
,,,,,,,,,,,,,,
6,11,"[139, 486, 152, 79, 61, 0, 0, 0, 0, 0]",0.005,adam,relu,0,tanh,0,linear,lstm,125,1.302586889,1.177023208,30.688063
,,,,,,,,,,,,,,
7,11,"[139, 486, 152, 79, 61, 0, 0, 0, 0, 0]",0.005,adam,relu,0,tanh,0,linear,lstm,140,1.164817429,1.047349072,45.787172
,,,,,,,,,,,,,,
8,11,"[139, 486, 152, 79, 61, 0, 0, 0, 0, 0]",0.005,adam,relu,0,tanh,0,linear,lstm,155,1.237510538,1.136083364,39.991049
,,,,,,,,,,,,,,
9,11,"[139, 486, 152, 79, 61, 0, 0, 0, 0, 0]",0.005,adam,relu,0,tanh,0,linear,lstm,170,1.223746872,1.115002835,39.958066
,,,,,,,,,,,,,,
10,11,"[139, 486, 152, 79, 61, 0, 0, 0, 0, 0]",0.005,adam,relu,0,tanh,0,linear,lstm,185,1.138341177,0.984079772,44.998425
,,,,,,,,,,,,,,
11,11,"[139, 486, 152, 79, 61, 0, 0, 0, 0, 0]",0.005,adam,relu,0,tanh,0,linear,lstm,200,1.318346524,1.224081957,34.683765
,,,,,,,,,,,,,,
12,11,"[139, 486, 152, 79, 61, 0, 0, 0, 0, 0]",0.005,adam,relu,0,tanh,0,linear,lstm,215,1.26716795,1.116788423,38.607503
,,,,,,,,,,,,,,
13,11,"[139, 486, 152, 79, 61, 0, 0, 0, 0, 0]",0.005,adam,relu,0,tanh,0,linear,lstm,230,1.183424628,1.067425036,43.597879
,,,,,,,,,,,,,,
14,11,"[139, 486, 152, 79, 61, 0, 0, 0, 0, 0]",0.005,adam,relu,0,tanh,0,linear,lstm,245,1.26048615,1.196751976,42.466259
,,,,,,,,,,,,,,
15,11,"[139, 486, 152, 79, 61, 0, 0, 0, 0, 0]",0.005,adam,relu,0,tanh,0,linear,lstm,260,1.269187117,1.126956069,36.086311
,,,,,,,,,,,,,,
16,11,"[139, 486, 152, 79, 61, 0, 0, 0, 0, 0]",0.005,adam,relu,0,tanh,0,linear,lstm,275,1.19321332,1.009577942,44.478594
,,,,,,,,,,,,,,
17,11,"[139, 486, 152, 79, 61, 0, 0, 0, 0, 0]",0.005,adam,relu,0,tanh,0,linear,lstm,290,1.280922008,1.133510423,38.46355
,,,,,,,,,,,,,,
18,11,"[139, 486, 152, 79, 61, 0, 0, 0, 0, 0]",0.005,adam,relu,0,tanh,0,linear,lstm,305,1.234483087,1.113055444,38.145646
,,,,,,,,,,,,,,
19,11,"[139, 486, 152, 79, 61, 0, 0, 0, 0, 0]",0.005,adam,relu,0,tanh,0,linear,lstm,320,1.304633403,1.154009163,36.557162
,,,,,,,,,,,,,,
20,11,"[139, 486, 152, 79, 61, 0, 0, 0, 0, 0]",0.005,adam,relu,0,tanh,0,linear,lstm,335,1.183522356,1.069914079,45.597233
,,,,,,,,,,,,,,
21,11,"[139, 486, 152, 79, 61, 0, 0, 0, 0, 0]",0.005,adam,relu,0,tanh,0,linear,lstm,350,1.240289426,1.121098936,38.000692
,,,,,,,,,,,,,,
22,11,"[139, 486, 152, 79, 61, 0, 0, 0, 0, 0]",0.005,adam,relu,0,tanh,0,linear,lstm,365,1.194239509,1.082501733,42.051382
,,,,,,,,,,,,,,
23,11,"[139, 486, 152, 79, 61, 0, 0, 0, 0, 0]",0.005,adam,relu,0,tanh,0,linear,lstm,380,1.229632783,1.088248992,47.941475
,,,,,,,,,,,,,,
24,11,"[139, 486, 152, 79, 61, 0, 0, 0, 0, 0]",0.005,adam,relu,0,tanh,0,linear,lstm,395,1.170872855,1.041522598,45.23435
,,,,,,,,,,,,,,
25,11,"[139, 486, 152, 79, 61, 0, 0, 0, 0, 0]",0.005,adam,relu,0,tanh,0,linear,lstm,410,1.270975614,1.088157487,44.012746
,,,,,,,,,,,,,,
26,11,"[139, 486, 152, 79, 61, 0, 0, 0, 0, 0]",0.005,adam,relu,0,tanh,0,linear,lstm,425,1.264931774,1.122685683,46.270015
,,,,,,,,,,,,,,
27,11,"[139, 486, 152, 79, 61, 0, 0, 0, 0, 0]",0.005,adam,relu,0,tanh,0,linear,lstm,440,1.239395487,1.113877237,52.58597
,,,,,,,,,,,,,,
28,11,"[139, 486, 152, 79, 61, 0, 0, 0, 0, 0]",0.005,adam,relu,0,tanh,0,linear,lstm,455,1.242604315,1.103942156,49.716897
,,,,,,,,,,,,,,
29,11,"[139, 486, 152, 79, 61, 0, 0, 0, 0, 0]",0.005,adam,relu,0,tanh,0,linear,lstm,470,1.316480899,1.197182524,45.940121
,,,,,,,,,,,,,,
30,11,"[139, 486, 152, 79, 61, 0, 0, 0, 0, 0]",0.005,adam,relu,0,tanh,0,linear,lstm,485,1.355397177,1.198297882,46.715871
,,,,,,,,,,,,,,
31,11,"[139, 486, 152, 79, 61, 0, 0, 0, 0, 0]",0.005,adam,relu,0,tanh,0,linear,simplernn,50,1.657748246,1.300246513,17.397414
,,,,,,,,,,,,,,
32,11,"[139, 486, 152, 79, 61, 0, 0, 0, 0, 0]",0.005,adam,relu,0,tanh,0,linear,simplernn,65,1.46607877,1.28179493,18.947865
,,,,,,,,,,,,,,
33,11,"[139, 486, 152, 79, 61, 0, 0, 0, 0, 0]",0.005,adam,relu,0,tanh,0,linear,simplernn,80,1.524648094,1.314460611,18.243091
,,,,,,,,,,,,,,
34,11,"[139, 486, 152, 79, 61, 0, 0, 0, 0, 0]",0.005,adam,relu,0,tanh,0,linear,simplernn,95,1.659875798,1.275833607,17.023488
,,,,,,,,,,,,,,
35,11,"[139, 486, 152, 79, 61, 0, 0, 0, 0, 0]",0.005,adam,relu,0,tanh,0,linear,simplernn,110,1.73319726,1.240063906,18.042158
,,,,,,,,,,,,,,
36,11,"[139, 486, 152, 79, 61, 0, 0, 0, 0, 0]",0.005,adam,relu,0,tanh,0,linear,simplernn,125,1.546666694,1.243028593,19.075822
,,,,,,,,,,,,,,
37,11,"[139, 486, 152, 79, 61, 0, 0, 0, 0, 0]",0.005,adam,relu,0,tanh,0,linear,simplernn,140,1.742098522,1.396665406,19.469697
,,,,,,,,,,,,,,
38,11,"[139, 486, 152, 79, 61, 0, 0, 0, 0, 0]",0.005,adam,relu,0,tanh,0,linear,simplernn,155,1.840312624,1.40874809,18.684949
,,,,,,,,,,,,,,
39,11,"[139, 486, 152, 79, 61, 0, 0, 0, 0, 0]",0.005,adam,relu,0,tanh,0,linear,simplernn,170,1.572629619,1.383568406,21.36808
,,,,,,,,,,,,,,
40,11,"[139, 486, 152, 79, 61, 0, 0, 0, 0, 0]",0.005,adam,relu,0,tanh,0,linear,simplernn,185,1.621725583,1.414122248,23.455402
,,,,,,,,,,,,,,
41,11,"[139, 486, 152, 79, 61, 0, 0, 0, 0, 0]",0.005,adam,relu,0,tanh,0,linear,simplernn,200,1.757574701,1.419279981,22.865594
,,,,,,,,,,,,,,
42,11,"[139, 486, 152, 79, 61, 0, 0, 0, 0, 0]",0.005,adam,relu,0,tanh,0,linear,simplernn,215,1.630197144,1.446317339,22.548695
,,,,,,,,,,,,,,
43,11,"[139, 486, 152, 79, 61, 0, 0, 0, 0, 0]",0.005,adam,relu,0,tanh,0,linear,simplernn,230,1.763280058,1.340247679,21.927899
,,,,,,,,,,,,,,
44,11,"[139, 486, 152, 79, 61, 0, 0, 0, 0, 0]",0.005,adam,relu,0,tanh,0,linear,simplernn,245,1.774364924,1.523167706,21.046183
,,,,,,,,,,,,,,
45,11,"[139, 486, 152, 79, 61, 0, 0, 0, 0, 0]",0.005,adam,relu,0,tanh,0,linear,simplernn,260,1.852269578,1.528818226,20.553343
,,,,,,,,,,,,,,
46,11,"[139, 486, 152, 79, 61, 0, 0, 0, 0, 0]",0.005,adam,relu,0,tanh,0,linear,simplernn,275,1.549832702,1.387460065,25.525732
,,,,,,,,,,,,,,
47,11,"[139, 486, 152, 79, 61, 0, 0, 0, 0, 0]",0.005,adam,relu,0,tanh,0,linear,simplernn,290,1.743795872,1.536686707,23.025544
,,,,,,,,,,,,,,
48,11,"[139, 486, 152, 79, 61, 0, 0, 0, 0, 0]",0.005,adam,relu,0,tanh,0,linear,simplernn,305,1.733823729,1.550347805,23.136508
,,,,,,,,,,,,,,
49,11,"[139, 486, 152, 79, 61, 0, 0, 0, 0, 0]",0.005,adam,relu,0,tanh,0,linear,simplernn,320,1.678030801,1.436138296,27.166203
,,,,,,,,,,,,,,
50,11,"[139, 486, 152, 79, 61, 0, 0, 0, 0, 0]",0.005,adam,relu,0,tanh,0,linear,simplernn,335,1.528741574,1.480343604,25.463755
,,,,,,,,,,,,,,
51,11,"[139, 486, 152, 79, 61, 0, 0, 0, 0, 0]",0.005,adam,relu,0,tanh,0,linear,simplernn,350,1.616218567,1.523937058,23.183492
,,,,,,,,,,,,,,
52,11,"[139, 486, 152, 79, 61, 0, 0, 0, 0, 0]",0.005,adam,relu,0,tanh,0,linear,simplernn,365,1.783990955,1.510663414,22.2528
,,,,,,,,,,,,,,
53,11,"[139, 486, 152, 79, 61, 0, 0, 0, 0, 0]",0.005,adam,relu,0,tanh,0,linear,simplernn,380,1.52325387,1.477299595,30.672092
,,,,,,,,,,,,,,
54,11,"[139, 486, 152, 79, 61, 0, 0, 0, 0, 0]",0.005,adam,relu,0,tanh,0,linear,simplernn,395,1.555122113,1.484446096,25.435763
,,,,,,,,,,,,,,
55,11,"[139, 486, 152, 79, 61, 0, 0, 0, 0, 0]",0.005,adam,relu,0,tanh,0,linear,simplernn,410,1.760386014,1.648054171,25.633698
,,,,,,,,,,,,,,
56,11,"[139, 486, 152, 79, 61, 0, 0, 0, 0, 0]",0.005,adam,relu,0,tanh,0,linear,simplernn,425,1.548030806,1.478744364,32.960325
,,,,,,,,,,,,,,
57,11,"[139, 486, 152, 79, 61, 0, 0, 0, 0, 0]",0.005,adam,relu,0,tanh,0,linear,simplernn,440,1.620178628,1.565547514,26.300483
,,,,,,,,,,,,,,
58,11,"[139, 486, 152, 79, 61, 0, 0, 0, 0, 0]",0.005,adam,relu,0,tanh,0,linear,simplernn,455,1.760129118,1.547633195,26.355463
,,,,,,,,,,,,,,
59,11,"[139, 486, 152, 79, 61, 0, 0, 0, 0, 0]",0.005,adam,relu,0,tanh,0,linear,simplernn,470,1.63762064,1.520436072,31.041947
,,,,,,,,,,,,,,
60,11,"[139, 486, 152, 79, 61, 0, 0, 0, 0, 0]",0.005,adam,relu,0,tanh,0,linear,simplernn,485,1.657169247,1.564799595,25.731667
,,,,,,,,,,,,,,
0,12,"[139, 486, 152, 79, 61, 0, 0, 0, 0, 0]",0.005,adam,relu,0,tanh,0,linear,none,0,1.890418553,1.272559416,6.983738
,,,,,,,,,,,,,,
1,12,"[139, 486, 152, 79, 61, 0, 0, 0, 0, 0]",0.005,adam,relu,0,tanh,0,linear,lstm,50,1.179120028,1.053896356,41.446576
,,,,,,,,,,,,,,
2,12,"[139, 486, 152, 79, 61, 0, 0, 0, 0, 0]",0.005,adam,relu,0,tanh,0,linear,lstm,65,1.274421644,1.151214302,44.848473
,,,,,,,,,,,,,,
3,12,"[139, 486, 152, 79, 61, 0, 0, 0, 0, 0]",0.005,adam,relu,0,tanh,0,linear,lstm,80,1.22282877,1.129024684,40.91175
,,,,,,,,,,,,,,
4,12,"[139, 486, 152, 79, 61, 0, 0, 0, 0, 0]",0.005,adam,relu,0,tanh,0,linear,lstm,95,1.273576283,1.156805527,41.855445
,,,,,,,,,,,,,,
5,12,"[139, 486, 152, 79, 61, 0, 0, 0, 0, 0]",0.005,adam,relu,0,tanh,0,linear,lstm,110,1.289431453,1.16825968,38.81143
,,,,,,,,,,,,,,
6,12,"[139, 486, 152, 79, 61, 0, 0, 0, 0, 0]",0.005,adam,relu,0,tanh,0,linear,lstm,125,1.238340604,1.06685071,34.556807
,,,,,,,,,,,,,,
7,12,"[139, 486, 152, 79, 61, 0, 0, 0, 0, 0]",0.005,adam,relu,0,tanh,0,linear,lstm,140,1.203797853,1.069960845,36.607145
,,,,,,,,,,,,,,
8,12,"[139, 486, 152, 79, 61, 0, 0, 0, 0, 0]",0.005,adam,relu,0,tanh,0,linear,lstm,155,1.249524689,1.143461668,43.551894
,,,,,,,,,,,,,,
9,12,"[139, 486, 152, 79, 61, 0, 0, 0, 0, 0]",0.005,adam,relu,0,tanh,0,linear,lstm,170,1.235330379,1.101029241,40.176987
,,,,,,,,,,,,,,
10,12,"[139, 486, 152, 79, 61, 0, 0, 0, 0, 0]",0.005,adam,relu,0,tanh,0,linear,lstm,185,1.250450349,1.156138241,53.267764
,,,,,,,,,,,,,,
11,12,"[139, 486, 152, 79, 61, 0, 0, 0, 0, 0]",0.005,adam,relu,0,tanh,0,linear,lstm,200,1.116977513,1.029515159,45.680206
,,,,,,,,,,,,,,
12,12,"[139, 486, 152, 79, 61, 0, 0, 0, 0, 0]",0.005,adam,relu,0,tanh,0,linear,lstm,215,1.252464056,1.137267697,37.938708
,,,,,,,,,,,,,,
13,12,"[139, 486, 152, 79, 61, 0, 0, 0, 0, 0]",0.005,adam,relu,0,tanh,0,linear,lstm,230,1.219700015,1.130956376,42.760151
,,,,,,,,,,,,,,
14,12,"[139, 486, 152, 79, 61, 0, 0, 0, 0, 0]",0.005,adam,relu,0,tanh,0,linear,lstm,245,1.265015078,1.113714421,40.29195
,,,,,,,,,,,,,,
15,12,"[139, 486, 152, 79, 61, 0, 0, 0, 0, 0]",0.005,adam,relu,0,tanh,0,linear,lstm,260,1.223153579,1.120312667,37.015017
,,,,,,,,,,,,,,
16,12,"[139, 486, 152, 79, 61, 0, 0, 0, 0, 0]",0.005,adam,relu,0,tanh,0,linear,lstm,275,1.167148089,1.065488112,43.708843
,,,,,,,,,,,,,,
17,12,"[139, 486, 152, 79, 61, 0, 0, 0, 0, 0]",0.005,adam,relu,0,tanh,0,linear,lstm,290,1.216042185,1.094283819,37.925716
,,,,,,,,,,,,,,
18,12,"[139, 486, 152, 79, 61, 0, 0, 0, 0, 0]",0.005,adam,relu,0,tanh,0,linear,lstm,305,1.365101588,1.207677746,38.000689
,,,,,,,,,,,,,,
19,12,"[139, 486, 152, 79, 61, 0, 0, 0, 0, 0]",0.005,adam,relu,0,tanh,0,linear,lstm,320,1.311305988,1.122906804,44.232665
,,,,,,,,,,,,,,
20,12,"[139, 486, 152, 79, 61, 0, 0, 0, 0, 0]",0.005,adam,relu,0,tanh,0,linear,lstm,335,1.195856011,1.120402575,43.34796
,,,,,,,,,,,,,,
21,12,"[139, 486, 152, 79, 61, 0, 0, 0, 0, 0]",0.005,adam,relu,0,tanh,0,linear,lstm,350,1.190834117,1.069826889,44.877464
,,,,,,,,,,,,,,
22,12,"[139, 486, 152, 79, 61, 0, 0, 0, 0, 0]",0.005,adam,relu,0,tanh,0,linear,lstm,365,1.243167841,1.162723374,40.455897
,,,,,,,,,,,,,,
23,12,"[139, 486, 152, 79, 61, 0, 0, 0, 0, 0]",0.005,adam,relu,0,tanh,0,linear,lstm,380,1.340084636,1.1837659,41.756475
,,,,,,,,,,,,,,
24,12,"[139, 486, 152, 79, 61, 0, 0, 0, 0, 0]",0.005,adam,relu,0,tanh,0,linear,lstm,395,1.303561461,1.078355765,47.625575
,,,,,,,,,,,,,,
25,12,"[139, 486, 152, 79, 61, 0, 0, 0, 0, 0]",0.005,adam,relu,0,tanh,0,linear,lstm,410,1.22215395,1.050491321,45.157365
,,,,,,,,,,,,,,
26,12,"[139, 486, 152, 79, 61, 0, 0, 0, 0, 0]",0.005,adam,relu,0,tanh,0,linear,lstm,425,1.367978907,1.210219014,47.415632
,,,,,,,,,,,,,,
27,12,"[139, 486, 152, 79, 61, 0, 0, 0, 0, 0]",0.005,adam,relu,0,tanh,0,linear,lstm,440,1.308549321,1.141322052,42.463249
,,,,,,,,,,,,,,
28,12,"[139, 486, 152, 79, 61, 0, 0, 0, 0, 0]",0.005,adam,relu,0,tanh,0,linear,lstm,455,1.292480922,1.141283894,48.120404
,,,,,,,,,,,,,,
29,12,"[139, 486, 152, 79, 61, 0, 0, 0, 0, 0]",0.005,adam,relu,0,tanh,0,linear,lstm,470,1.218493807,1.123163784,52.065138
,,,,,,,,,,,,,,
30,12,"[139, 486, 152, 79, 61, 0, 0, 0, 0, 0]",0.005,adam,relu,0,tanh,0,linear,lstm,485,1.325837493,1.228181386,46.893837
,,,,,,,,,,,,,,
31,12,"[139, 486, 152, 79, 61, 0, 0, 0, 0, 0]",0.005,adam,relu,0,tanh,0,linear,simplernn,50,1.635486603,1.312235737,18.445011
,,,,,,,,,,,,,,
32,12,"[139, 486, 152, 79, 61, 0, 0, 0, 0, 0]",0.005,adam,relu,0,tanh,0,linear,simplernn,65,1.622146988,1.356669617,19.060828
,,,,,,,,,,,,,,
33,12,"[139, 486, 152, 79, 61, 0, 0, 0, 0, 0]",0.005,adam,relu,0,tanh,0,linear,simplernn,80,1.82858007,1.556800795,17.650285
,,,,,,,,,,,,,,
34,12,"[139, 486, 152, 79, 61, 0, 0, 0, 0, 0]",0.005,adam,relu,0,tanh,0,linear,simplernn,95,1.530309248,1.196912813,18.712938
,,,,,,,,,,,,,,
35,12,"[139, 486, 152, 79, 61, 0, 0, 0, 0, 0]",0.005,adam,relu,0,tanh,0,linear,simplernn,110,1.719720912,1.282388926,19.268761
,,,,,,,,,,,,,,
36,12,"[139, 486, 152, 79, 61, 0, 0, 0, 0, 0]",0.005,adam,relu,0,tanh,0,linear,simplernn,125,1.494629049,1.235646212,20.759276
,,,,,,,,,,,,,,
37,12,"[139, 486, 152, 79, 61, 0, 0, 0, 0, 0]",0.005,adam,relu,0,tanh,0,linear,simplernn,140,1.540437436,1.109940267,22.084848
,,,,,,,,,,,,,,
38,12,"[139, 486, 152, 79, 61, 0, 0, 0, 0, 0]",0.005,adam,relu,0,tanh,0,linear,simplernn,155,1.438518643,1.24631263,19.983527
,,,,,,,,,,,,,,
39,12,"[139, 486, 152, 79, 61, 0, 0, 0, 0, 0]",0.005,adam,relu,0,tanh,0,linear,simplernn,170,1.759717011,1.249508619,21.300101
,,,,,,,,,,,,,,
40,12,"[139, 486, 152, 79, 61, 0, 0, 0, 0, 0]",0.005,adam,relu,0,tanh,0,linear,simplernn,185,1.806329155,1.411229849,19.794589
,,,,,,,,,,,,,,
41,12,"[139, 486, 152, 79, 61, 0, 0, 0, 0, 0]",0.005,adam,relu,0,tanh,0,linear,simplernn,200,1.778615832,1.500592899,22.457724
,,,,,,,,,,,,,,
42,12,"[139, 486, 152, 79, 61, 0, 0, 0, 0, 0]",0.005,adam,relu,0,tanh,0,linear,simplernn,215,1.477036524,1.397086382,23.459432
,,,,,,,,,,,,,,
43,12,"[139, 486, 152, 79, 61, 0, 0, 0, 0, 0]",0.005,adam,relu,0,tanh,0,linear,simplernn,230,1.668282437,1.470005322,20.298426
,,,,,,,,,,,,,,
44,12,"[139, 486, 152, 79, 61, 0, 0, 0, 0, 0]",0.005,adam,relu,0,tanh,0,linear,simplernn,245,1.724039316,1.53204987,19.786593
,,,,,,,,,,,,,,
45,12,"[139, 486, 152, 79, 61, 0, 0, 0, 0, 0]",0.005,adam,relu,0,tanh,0,linear,simplernn,260,1.635170293,1.418137228,22.919578
,,,,,,,,,,,,,,
46,12,"[139, 486, 152, 79, 61, 0, 0, 0, 0, 0]",0.005,adam,relu,0,tanh,0,linear,simplernn,275,1.660545635,1.301429498,23.152508
,,,,,,,,,,,,,,
47,12,"[139, 486, 152, 79, 61, 0, 0, 0, 0, 0]",0.005,adam,relu,0,tanh,0,linear,simplernn,290,1.734167767,1.45463798,22.620674
,,,,,,,,,,,,,,
48,12,"[139, 486, 152, 79, 61, 0, 0, 0, 0, 0]",0.005,adam,relu,0,tanh,0,linear,simplernn,305,1.621237993,1.488979602,23.072529
,,,,,,,,,,,,,,
49,12,"[139, 486, 152, 79, 61, 0, 0, 0, 0, 0]",0.005,adam,relu,0,tanh,0,linear,simplernn,320,1.707013226,1.477581382,22.144827
,,,,,,,,,,,,,,
50,12,"[139, 486, 152, 79, 61, 0, 0, 0, 0, 0]",0.005,adam,relu,0,tanh,0,linear,simplernn,335,1.664298606,1.544955921,26.39145
,,,,,,,,,,,,,,
51,12,"[139, 486, 152, 79, 61, 0, 0, 0, 0, 0]",0.005,adam,relu,0,tanh,0,linear,simplernn,350,1.634544873,1.495958185,23.165497
,,,,,,,,,,,,,,
52,12,"[139, 486, 152, 79, 61, 0, 0, 0, 0, 0]",0.005,adam,relu,0,tanh,0,linear,simplernn,365,2.136713552,1.807606649,18.806911
,,,,,,,,,,,,,,
53,12,"[139, 486, 152, 79, 61, 0, 0, 0, 0, 0]",0.005,adam,relu,0,tanh,0,linear,simplernn,380,1.965470886,1.62882967,20.844249
,,,,,,,,,,,,,,
54,12,"[139, 486, 152, 79, 61, 0, 0, 0, 0, 0]",0.005,adam,relu,0,tanh,0,linear,simplernn,395,1.50646131,1.425580466,34.619784
,,,,,,,,,,,,,,
55,12,"[139, 486, 152, 79, 61, 0, 0, 0, 0, 0]",0.005,adam,relu,0,tanh,0,linear,simplernn,410,1.612197423,1.523835921,26.535396
,,,,,,,,,,,,,,
56,12,"[139, 486, 152, 79, 61, 0, 0, 0, 0, 0]",0.005,adam,relu,0,tanh,0,linear,simplernn,425,1.661962891,1.59796977,24.211158
,,,,,,,,,,,,,,
57,12,"[139, 486, 152, 79, 61, 0, 0, 0, 0, 0]",0.005,adam,relu,0,tanh,0,linear,simplernn,440,1.522675776,1.478995395,42.065376
,,,,,,,,,,,,,,
58,12,"[139, 486, 152, 79, 61, 0, 0, 0, 0, 0]",0.005,adam,relu,0,tanh,0,linear,simplernn,455,1.545678067,1.49200778,32.379514
,,,,,,,,,,,,,,
59,12,"[139, 486, 152, 79, 61, 0, 0, 0, 0, 0]",0.005,adam,relu,0,tanh,0,linear,simplernn,470,1.605670238,1.54082737,36.03033
,,,,,,,,,,,,,,
60,12,"[139, 486, 152, 79, 61, 0, 0, 0, 0, 0]",0.005,adam,relu,0,tanh,0,linear,simplernn,485,1.586260414,1.543499446,33.257228
,,,,,,,,,,,,,,
0,13,"[139, 486, 152, 79, 61, 0, 0, 0, 0, 0]",0.005,adam,relu,0,tanh,0,linear,none,0,1.67635932,1.365077853,7.203666
,,,,,,,,,,,,,,
1,13,"[139, 486, 152, 79, 61, 0, 0, 0, 0, 0]",0.005,adam,relu,0,tanh,0,linear,lstm,50,1.1557971,1.047477663,39.907074
,,,,,,,,,,,,,,
2,13,"[139, 486, 152, 79, 61, 0, 0, 0, 0, 0]",0.005,adam,relu,0,tanh,0,linear,lstm,65,1.246733737,1.109264338,35.714434
,,,,,,,,,,,,,,
3,13,"[139, 486, 152, 79, 61, 0, 0, 0, 0, 0]",0.005,adam,relu,0,tanh,0,linear,lstm,80,1.30235517,1.194486046,36.722109
,,,,,,,,,,,,,,
4,13,"[139, 486, 152, 79, 61, 0, 0, 0, 0, 0]",0.005,adam,relu,0,tanh,0,linear,lstm,95,1.165381467,1.049171305,35.339556
,,,,,,,,,,,,,,
5,13,"[139, 486, 152, 79, 61, 0, 0, 0, 0, 0]",0.005,adam,relu,0,tanh,0,linear,lstm,110,1.16165874,1.015690112,36.851065
,,,,,,,,,,,,,,
6,13,"[139, 486, 152, 79, 61, 0, 0, 0, 0, 0]",0.005,adam,relu,0,tanh,0,linear,lstm,125,1.265055895,1.15326277,38.309595
,,,,,,,,,,,,,,
7,13,"[139, 486, 152, 79, 61, 0, 0, 0, 0, 0]",0.005,adam,relu,0,tanh,0,linear,lstm,140,1.300783181,1.206608248,38.189633
,,,,,,,,,,,,,,
8,13,"[139, 486, 152, 79, 61, 0, 0, 0, 0, 0]",0.005,adam,relu,0,tanh,0,linear,lstm,155,1.265814924,1.173761106,38.920394
,,,,,,,,,,,,,,
9,13,"[139, 486, 152, 79, 61, 0, 0, 0, 0, 0]",0.005,adam,relu,0,tanh,0,linear,lstm,170,1.279698503,1.157504928,36.259257
,,,,,,,,,,,,,,
10,13,"[139, 486, 152, 79, 61, 0, 0, 0, 0, 0]",0.005,adam,relu,0,tanh,0,linear,lstm,185,1.319557261,1.222118139,33.74507
,,,,,,,,,,,,,,
11,13,"[139, 486, 152, 79, 61, 0, 0, 0, 0, 0]",0.005,adam,relu,0,tanh,0,linear,lstm,200,1.211225033,1.103739572,41.886434
,,,,,,,,,,,,,,
12,13,"[139, 486, 152, 79, 61, 0, 0, 0, 0, 0]",0.005,adam,relu,0,tanh,0,linear,lstm,215,1.194796813,1.090907133,40.869763
,,,,,,,,,,,,,,
13,13,"[139, 486, 152, 79, 61, 0, 0, 0, 0, 0]",0.005,adam,relu,0,tanh,0,linear,lstm,230,1.251762593,1.153180492,43.493913
,,,,,,,,,,,,,,
14,13,"[139, 486, 152, 79, 61, 0, 0, 0, 0, 0]",0.005,adam,relu,0,tanh,0,linear,lstm,245,1.342179811,1.171906221,38.877411
,,,,,,,,,,,,,,
15,13,"[139, 486, 152, 79, 61, 0, 0, 0, 0, 0]",0.005,adam,relu,0,tanh,0,linear,lstm,260,1.224491477,1.129062581,36.904048
,,,,,,,,,,,,,,
16,13,"[139, 486, 152, 79, 61, 0, 0, 0, 0, 0]",0.005,adam,relu,0,tanh,0,linear,lstm,275,1.265078974,1.088346875,36.385216
,,,,,,,,,,,,,,
17,13,"[139, 486, 152, 79, 61, 0, 0, 0, 0, 0]",0.005,adam,relu,0,tanh,0,linear,lstm,290,1.275603735,1.129949558,36.192284
,,,,,,,,,,,,,,
18,13,"[139, 486, 152, 79, 61, 0, 0, 0, 0, 0]",0.005,adam,relu,0,tanh,0,linear,lstm,305,1.221306467,1.110543358,42.479243
,,,,,,,,,,,,,,
19,13,"[139, 486, 152, 79, 61, 0, 0, 0, 0, 0]",0.005,adam,relu,0,tanh,0,linear,lstm,320,1.176238275,1.081374049,46.50294
,,,,,,,,,,,,,,
20,13,"[139, 486, 152, 79, 61, 0, 0, 0, 0, 0]",0.005,adam,relu,0,tanh,0,linear,lstm,335,1.243642735,1.140380549,38.799433
,,,,,,,,,,,,,,
21,13,"[139, 486, 152, 79, 61, 0, 0, 0, 0, 0]",0.005,adam,relu,0,tanh,0,linear,lstm,350,1.20786953,1.091792214,43.755839
,,,,,,,,,,,,,,
22,13,"[139, 486, 152, 79, 61, 0, 0, 0, 0, 0]",0.005,adam,relu,0,tanh,0,linear,lstm,365,1.255674398,1.108922458,41.82944
,,,,,,,,,,,,,,
23,13,"[139, 486, 152, 79, 61, 0, 0, 0, 0, 0]",0.005,adam,relu,0,tanh,0,linear,lstm,380,1.182840681,1.064361966,40.422908
,,,,,,,,,,,,,,
24,13,"[139, 486, 152, 79, 61, 0, 0, 0, 0, 0]",0.005,adam,relu,0,tanh,0,linear,lstm,395,1.278300261,1.137258208,41.086693
,,,,,,,,,,,,,,
25,13,"[139, 486, 152, 79, 61, 0, 0, 0, 0, 0]",0.005,adam,relu,0,tanh,0,linear,lstm,410,1.241476893,1.109625244,45.044399
,,,,,,,,,,,,,,
26,13,"[139, 486, 152, 79, 61, 0, 0, 0, 0, 0]",0.005,adam,relu,0,tanh,0,linear,lstm,425,1.203235018,1.070159996,49.373011
,,,,,,,,,,,,,,
27,13,"[139, 486, 152, 79, 61, 0, 0, 0, 0, 0]",0.005,adam,relu,0,tanh,0,linear,lstm,440,1.262168574,1.158688509,48.498295
,,,,,,,,,,,,,,
28,13,"[139, 486, 152, 79, 61, 0, 0, 0, 0, 0]",0.005,adam,relu,0,tanh,0,linear,lstm,455,1.277966762,1.146581972,45.846151
,,,,,,,,,,,,,,
29,13,"[139, 486, 152, 79, 61, 0, 0, 0, 0, 0]",0.005,adam,relu,0,tanh,0,linear,lstm,470,1.293530941,1.145497525,44.485582
,,,,,,,,,,,,,,
30,13,"[139, 486, 152, 79, 61, 0, 0, 0, 0, 0]",0.005,adam,relu,0,tanh,0,linear,lstm,485,1.336294723,1.212697935,50.050793
,,,,,,,,,,,,,,
31,13,"[139, 486, 152, 79, 61, 0, 0, 0, 0, 0]",0.005,adam,relu,0,tanh,0,linear,simplernn,50,1.721411014,1.325090408,18.812908
,,,,,,,,,,,,,,
32,13,"[139, 486, 152, 79, 61, 0, 0, 0, 0, 0]",0.005,adam,relu,0,tanh,0,linear,simplernn,65,1.652567029,1.37857213,21.872916
,,,,,,,,,,,,,,
33,13,"[139, 486, 152, 79, 61, 0, 0, 0, 0, 0]",0.005,adam,relu,0,tanh,0,linear,simplernn,80,1.826501107,1.538460386,17.430354
,,,,,,,,,,,,,,
34,13,"[139, 486, 152, 79, 61, 0, 0, 0, 0, 0]",0.005,adam,relu,0,tanh,0,linear,simplernn,95,1.71864481,1.227462316,16.807555
,,,,,,,,,,,,,,
35,13,"[139, 486, 152, 79, 61, 0, 0, 0, 0, 0]",0.005,adam,relu,0,tanh,0,linear,simplernn,110,1.639777899,1.296702063,19.503686
,,,,,,,,,,,,,,
36,13,"[139, 486, 152, 79, 61, 0, 0, 0, 0, 0]",0.005,adam,relu,0,tanh,0,linear,simplernn,125,1.568923545,1.21800735,20.896231
,,,,,,,,,,,,,,
37,13,"[139, 486, 152, 79, 61, 0, 0, 0, 0, 0]",0.005,adam,relu,0,tanh,0,linear,simplernn,140,2.261750126,1.408052015,19.285755
,,,,,,,,,,,,,,
38,13,"[139, 486, 152, 79, 61, 0, 0, 0, 0, 0]",0.005,adam,relu,0,tanh,0,linear,simplernn,155,1.83485744,1.418639696,21.618999
,,,,,,,,,,,,,,
39,13,"[139, 486, 152, 79, 61, 0, 0, 0, 0, 0]",0.005,adam,relu,0,tanh,0,linear,simplernn,170,1.754129028,1.378438449,21.857922
,,,,,,,,,,,,,,
40,13,"[139, 486, 152, 79, 61, 0, 0, 0, 0, 0]",0.005,adam,relu,0,tanh,0,linear,simplernn,185,1.865307856,1.315141749,20.712292
,,,,,,,,,,,,,,
41,13,"[139, 486, 152, 79, 61, 0, 0, 0, 0, 0]",0.005,adam,relu,0,tanh,0,linear,simplernn,200,1.616215181,1.418436217,21.02919
,,,,,,,,,,,,,,
42,13,"[139, 486, 152, 79, 61, 0, 0, 0, 0, 0]",0.005,adam,relu,0,tanh,0,linear,simplernn,215,1.643810821,1.521814418,21.33509
,,,,,,,,,,,,,,
43,13,"[139, 486, 152, 79, 61, 0, 0, 0, 0, 0]",0.005,adam,relu,0,tanh,0,linear,simplernn,230,1.676056981,1.409561467,21.611
,,,,,,,,,,,,,,
44,13,"[139, 486, 152, 79, 61, 0, 0, 0, 0, 0]",0.005,adam,relu,0,tanh,0,linear,simplernn,245,1.715134692,1.453565097,21.107151
,,,,,,,,,,,,,,
45,13,"[139, 486, 152, 79, 61, 0, 0, 0, 0, 0]",0.005,adam,relu,0,tanh,0,linear,simplernn,260,2.036787367,1.749836612,18.851895
,,,,,,,,,,,,,,
46,13,"[139, 486, 152, 79, 61, 0, 0, 0, 0, 0]",0.005,adam,relu,0,tanh,0,linear,simplernn,275,1.784859896,1.563085914,21.45006
,,,,,,,,,,,,,,
47,13,"[139, 486, 152, 79, 61, 0, 0, 0, 0, 0]",0.005,adam,relu,0,tanh,0,linear,simplernn,290,1.799982381,1.494382811,20.639315
,,,,,,,,,,,,,,
48,13,"[139, 486, 152, 79, 61, 0, 0, 0, 0, 0]",0.005,adam,relu,0,tanh,0,linear,simplernn,305,1.987506866,1.535966098,24.30513
,,,,,,,,,,,,,,
49,13,"[139, 486, 152, 79, 61, 0, 0, 0, 0, 0]",0.005,adam,relu,0,tanh,0,linear,simplernn,320,1.571750474,1.424871206,27.726021
,,,,,,,,,,,,,,
50,13,"[139, 486, 152, 79, 61, 0, 0, 0, 0, 0]",0.005,adam,relu,0,tanh,0,linear,simplernn,335,1.603594828,1.47276175,30.634077
,,,,,,,,,,,,,,
51,13,"[139, 486, 152, 79, 61, 0, 0, 0, 0, 0]",0.005,adam,relu,0,tanh,0,linear,simplernn,350,1.531772852,1.464001203,30.208215
,,,,,,,,,,,,,,
52,13,"[139, 486, 152, 79, 61, 0, 0, 0, 0, 0]",0.005,adam,relu,0,tanh,0,linear,simplernn,365,1.663662815,1.497338772,25.49574
,,,,,,,,,,,,,,
53,13,"[139, 486, 152, 79, 61, 0, 0, 0, 0, 0]",0.005,adam,relu,0,tanh,0,linear,simplernn,380,2.330221033,1.851771927,21.666982
,,,,,,,,,,,,,,
54,13,"[139, 486, 152, 79, 61, 0, 0, 0, 0, 0]",0.005,adam,relu,0,tanh,0,linear,simplernn,395,1.567691255,1.504351449,26.791322
,,,,,,,,,,,,,,
55,13,"[139, 486, 152, 79, 61, 0, 0, 0, 0, 0]",0.005,adam,relu,0,tanh,0,linear,simplernn,410,1.587054563,1.468823338,26.418443
,,,,,,,,,,,,,,
56,13,"[139, 486, 152, 79, 61, 0, 0, 0, 0, 0]",0.005,adam,relu,0,tanh,0,linear,simplernn,425,1.644659042,1.59360714,31.461819
,,,,,,,,,,,,,,
57,13,"[139, 486, 152, 79, 61, 0, 0, 0, 0, 0]",0.005,adam,relu,0,tanh,0,linear,simplernn,440,1.688670444,1.585709405,25.96659
,,,,,,,,,,,,,,
58,13,"[139, 486, 152, 79, 61, 0, 0, 0, 0, 0]",0.005,adam,relu,0,tanh,0,linear,simplernn,455,1.659056664,1.557533669,26.922282
,,,,,,,,,,,,,,
59,13,"[139, 486, 152, 79, 61, 0, 0, 0, 0, 0]",0.005,adam,relu,0,tanh,0,linear,simplernn,470,1.570178485,1.478112555,30.860006
,,,,,,,,,,,,,,
60,13,"[139, 486, 152, 79, 61, 0, 0, 0, 0, 0]",0.005,adam,relu,0,tanh,0,linear,simplernn,485,1.653928494,1.563570666,28.46878
,,,,,,,,,,,,,,
0,14,"[139, 486, 152, 79, 61, 0, 0, 0, 0, 0]",0.005,adam,relu,0,tanh,0,linear,none,0,1.719001484,1.263028932,6.985727
,,,,,,,,,,,,,,
1,14,"[139, 486, 152, 79, 61, 0, 0, 0, 0, 0]",0.005,adam,relu,0,tanh,0,linear,lstm,50,1.218360674,1.080227703,43.240982
,,,,,,,,,,,,,,
2,14,"[139, 486, 152, 79, 61, 0, 0, 0, 0, 0]",0.005,adam,relu,0,tanh,0,linear,lstm,65,1.21792711,1.080831158,39.594177
,,,,,,,,,,,,,,
3,14,"[139, 486, 152, 79, 61, 0, 0, 0, 0, 0]",0.005,adam,relu,0,tanh,0,linear,lstm,80,1.186644638,1.052071977,41.374599
,,,,,,,,,,,,,,
4,14,"[139, 486, 152, 79, 61, 0, 0, 0, 0, 0]",0.005,adam,relu,0,tanh,0,linear,lstm,95,1.303427768,1.186278582,41.297616
,,,,,,,,,,,,,,
5,14,"[139, 486, 152, 79, 61, 0, 0, 0, 0, 0]",0.005,adam,relu,0,tanh,0,linear,lstm,110,1.24505682,1.147706938,37.14797
,,,,,,,,,,,,,,
6,14,"[139, 486, 152, 79, 61, 0, 0, 0, 0, 0]",0.005,adam,relu,0,tanh,0,linear,lstm,125,1.176676345,1.071913505,38.686472
,,,,,,,,,,,,,,
7,14,"[139, 486, 152, 79, 61, 0, 0, 0, 0, 0]",0.005,adam,relu,0,tanh,0,linear,lstm,140,1.275342631,1.128339505,35.393539
,,,,,,,,,,,,,,
8,14,"[139, 486, 152, 79, 61, 0, 0, 0, 0, 0]",0.005,adam,relu,0,tanh,0,linear,lstm,155,1.282670307,1.154723465,36.496178
,,,,,,,,,,,,,,
9,14,"[139, 486, 152, 79, 61, 0, 0, 0, 0, 0]",0.005,adam,relu,0,tanh,0,linear,lstm,170,1.249368715,1.081000006,38.877397
,,,,,,,,,,,,,,
10,14,"[139, 486, 152, 79, 61, 0, 0, 0, 0, 0]",0.005,adam,relu,0,tanh,0,linear,lstm,185,1.376369166,1.292869389,33.734073
,,,,,,,,,,,,,,
11,14,"[139, 486, 152, 79, 61, 0, 0, 0, 0, 0]",0.005,adam,relu,0,tanh,0,linear,lstm,200,1.325962698,1.200238752,37.615817
,,,,,,,,,,,,,,
12,14,"[139, 486, 152, 79, 61, 0, 0, 0, 0, 0]",0.005,adam,relu,0,tanh,0,linear,lstm,215,1.264755881,1.177802265,36.050325
,,,,,,,,,,,,,,
13,14,"[139, 486, 152, 79, 61, 0, 0, 0, 0, 0]",0.005,adam,relu,0,tanh,0,linear,lstm,230,1.25458411,1.155375445,41.831454
,,,,,,,,,,,,,,
14,14,"[139, 486, 152, 79, 61, 0, 0, 0, 0, 0]",0.005,adam,relu,0,tanh,0,linear,lstm,245,1.183756459,1.066915357,52.753905
,,,,,,,,,,,,,,
15,14,"[139, 486, 152, 79, 61, 0, 0, 0, 0, 0]",0.005,adam,relu,0,tanh,0,linear,lstm,260,1.243007612,1.123884475,40.031035
,,,,,,,,,,,,,,
16,14,"[139, 486, 152, 79, 61, 0, 0, 0, 0, 0]",0.005,adam,relu,0,tanh,0,linear,lstm,275,1.208579028,1.061962533,44.02774
,,,,,,,,,,,,,,
17,14,"[139, 486, 152, 79, 61, 0, 0, 0, 0, 0]",0.005,adam,relu,0,tanh,0,linear,lstm,290,1.258535075,1.112550426,49.599937
,,,,,,,,,,,,,,
18,14,"[139, 486, 152, 79, 61, 0, 0, 0, 0, 0]",0.005,adam,relu,0,tanh,0,linear,lstm,305,1.221079779,1.045877945,42.541222
,,,,,,,,,,,,,,
19,14,"[139, 486, 152, 79, 61, 0, 0, 0, 0, 0]",0.005,adam,relu,0,tanh,0,linear,lstm,320,1.22338357,1.122512174,40.871762
,,,,,,,,,,,,,,
20,14,"[139, 486, 152, 79, 61, 0, 0, 0, 0, 0]",0.005,adam,relu,0,tanh,0,linear,lstm,335,1.393859172,1.118113291,41.125681
,,,,,,,,,,,,,,
21,14,"[139, 486, 152, 79, 61, 0, 0, 0, 0, 0]",0.005,adam,relu,0,tanh,0,linear,lstm,350,1.307233691,1.178750932,39.635163
,,,,,,,,,,,,,,
22,14,"[139, 486, 152, 79, 61, 0, 0, 0, 0, 0]",0.005,adam,relu,0,tanh,0,linear,lstm,365,1.233156538,1.150777173,40.325938
,,,,,,,,,,,,,,
23,14,"[139, 486, 152, 79, 61, 0, 0, 0, 0, 0]",0.005,adam,relu,0,tanh,0,linear,lstm,380,1.222314155,1.075456834,43.842802
,,,,,,,,,,,,,,
24,14,"[139, 486, 152, 79, 61, 0, 0, 0, 0, 0]",0.005,adam,relu,0,tanh,0,linear,lstm,395,1.369450879,1.118266511,42.590226
,,,,,,,,,,,,,,
25,14,"[139, 486, 152, 79, 61, 0, 0, 0, 0, 0]",0.005,adam,relu,0,tanh,0,linear,lstm,410,1.407715416,1.256677198,43.220988
,,,,,,,,,,,,,,
26,14,"[139, 486, 152, 79, 61, 0, 0, 0, 0, 0]",0.005,adam,relu,0,tanh,0,linear,lstm,425,1.389064741,1.250028348,43.151022
,,,,,,,,,,,,,,
27,14,"[139, 486, 152, 79, 61, 0, 0, 0, 0, 0]",0.005,adam,relu,0,tanh,0,linear,lstm,440,1.335322666,1.169034004,44.949442
,,,,,,,,,,,,,,
28,14,"[139, 486, 152, 79, 61, 0, 0, 0, 0, 0]",0.005,adam,relu,0,tanh,0,linear,lstm,455,1.426004267,1.298060656,46.117062
,,,,,,,,,,,,,,
29,14,"[139, 486, 152, 79, 61, 0, 0, 0, 0, 0]",0.005,adam,relu,0,tanh,0,linear,lstm,470,1.39001565,1.261272776,43.752828
,,,,,,,,,,,,,,
30,14,"[139, 486, 152, 79, 61, 0, 0, 0, 0, 0]",0.005,adam,relu,0,tanh,0,linear,lstm,485,1.407715452,1.227260005,45.253334
,,,,,,,,,,,,,,
31,14,"[139, 486, 152, 79, 61, 0, 0, 0, 0, 0]",0.005,adam,relu,0,tanh,0,linear,simplernn,50,1.93995831,1.239635873,17.435352
,,,,,,,,,,,,,,
32,14,"[139, 486, 152, 79, 61, 0, 0, 0, 0, 0]",0.005,adam,relu,0,tanh,0,linear,simplernn,65,1.871295571,1.345002031,19.08382
,,,,,,,,,,,,,,
33,14,"[139, 486, 152, 79, 61, 0, 0, 0, 0, 0]",0.005,adam,relu,0,tanh,0,linear,simplernn,80,1.500019956,1.297798765,20.114486
,,,,,,,,,,,,,,
34,14,"[139, 486, 152, 79, 61, 0, 0, 0, 0, 0]",0.005,adam,relu,0,tanh,0,linear,simplernn,95,1.434817886,1.225306094,21.152147
,,,,,,,,,,,,,,
35,14,"[139, 486, 152, 79, 61, 0, 0, 0, 0, 0]",0.005,adam,relu,0,tanh,0,linear,simplernn,110,1.588332462,1.264243674,21.124159
,,,,,,,,,,,,,,
36,14,"[139, 486, 152, 79, 61, 0, 0, 0, 0, 0]",0.005,adam,relu,0,tanh,0,linear,simplernn,125,1.803789282,1.213749433,19.457698
,,,,,,,,,,,,,,
37,14,"[139, 486, 152, 79, 61, 0, 0, 0, 0, 0]",0.005,adam,relu,0,tanh,0,linear,simplernn,140,1.603264844,1.238530099,17.824225
,,,,,,,,,,,,,,
38,14,"[139, 486, 152, 79, 61, 0, 0, 0, 0, 0]",0.005,adam,relu,0,tanh,0,linear,simplernn,155,1.517423105,1.217169249,20.9932
,,,,,,,,,,,,,,
39,14,"[139, 486, 152, 79, 61, 0, 0, 0, 0, 0]",0.005,adam,relu,0,tanh,0,linear,simplernn,170,1.623727489,1.312055624,21.49204
,,,,,,,,,,,,,,
40,14,"[139, 486, 152, 79, 61, 0, 0, 0, 0, 0]",0.005,adam,relu,0,tanh,0,linear,simplernn,185,1.759390998,1.452579856,20.442379
,,,,,,,,,,,,,,
41,14,"[139, 486, 152, 79, 61, 0, 0, 0, 0, 0]",0.005,adam,relu,0,tanh,0,linear,simplernn,200,1.778628063,1.482095528,21.174142
,,,,,,,,,,,,,,
42,14,"[139, 486, 152, 79, 61, 0, 0, 0, 0, 0]",0.005,adam,relu,0,tanh,0,linear,simplernn,215,1.584071493,1.358070183,23.857274
,,,,,,,,,,,,,,
43,14,"[139, 486, 152, 79, 61, 0, 0, 0, 0, 0]",0.005,adam,relu,0,tanh,0,linear,simplernn,230,1.759672523,1.456972051,23.43441
,,,,,,,,,,,,,,
44,14,"[139, 486, 152, 79, 61, 0, 0, 0, 0, 0]",0.005,adam,relu,0,tanh,0,linear,simplernn,245,1.691776609,1.437144232,27.065233
,,,,,,,,,,,,,,
45,14,"[139, 486, 152, 79, 61, 0, 0, 0, 0, 0]",0.005,adam,relu,0,tanh,0,linear,simplernn,260,1.738009715,1.453032899,23.009545
,,,,,,,,,,,,,,
46,14,"[139, 486, 152, 79, 61, 0, 0, 0, 0, 0]",0.005,adam,relu,0,tanh,0,linear,simplernn,275,1.608942962,1.419965291,26.575392
,,,,,,,,,,,,,,
47,14,"[139, 486, 152, 79, 61, 0, 0, 0, 0, 0]",0.005,adam,relu,0,tanh,0,linear,simplernn,290,1.623367667,1.485434866,27.19919
,,,,,,,,,,,,,,
48,14,"[139, 486, 152, 79, 61, 0, 0, 0, 0, 0]",0.005,adam,relu,0,tanh,0,linear,simplernn,305,1.548354864,1.47438786,25.640697
,,,,,,,,,,,,,,
49,14,"[139, 486, 152, 79, 61, 0, 0, 0, 0, 0]",0.005,adam,relu,0,tanh,0,linear,simplernn,320,1.56904788,1.450575304,25.575718
,,,,,,,,,,,,,,
50,14,"[139, 486, 152, 79, 61, 0, 0, 0, 0, 0]",0.005,adam,relu,0,tanh,0,linear,simplernn,335,1.602361202,1.541617656,26.221507
,,,,,,,,,,,,,,
51,14,"[139, 486, 152, 79, 61, 0, 0, 0, 0, 0]",0.005,adam,relu,0,tanh,0,linear,simplernn,350,1.423966253,1.376366198,32.202569
,,,,,,,,,,,,,,
52,14,"[139, 486, 152, 79, 61, 0, 0, 0, 0, 0]",0.005,adam,relu,0,tanh,0,linear,simplernn,365,1.90650425,1.525998592,23.784297
,,,,,,,,,,,,,,
53,14,"[139, 486, 152, 79, 61, 0, 0, 0, 0, 0]",0.005,adam,relu,0,tanh,0,linear,simplernn,380,1.546098876,1.504082155,29.643398
,,,,,,,,,,,,,,
54,14,"[139, 486, 152, 79, 61, 0, 0, 0, 0, 0]",0.005,adam,relu,0,tanh,0,linear,simplernn,395,1.557019758,1.513781452,26.067557
,,,,,,,,,,,,,,
55,14,"[139, 486, 152, 79, 61, 0, 0, 0, 0, 0]",0.005,adam,relu,0,tanh,0,linear,simplernn,410,1.545498919,1.406581616,33.151264
,,,,,,,,,,,,,,
56,14,"[139, 486, 152, 79, 61, 0, 0, 0, 0, 0]",0.005,adam,relu,0,tanh,0,linear,simplernn,425,1.597004819,1.530873966,31.193896
,,,,,,,,,,,,,,
57,14,"[139, 486, 152, 79, 61, 0, 0, 0, 0, 0]",0.005,adam,relu,0,tanh,0,linear,simplernn,440,1.789341164,1.738893843,22.912579
,,,,,,,,,,,,,,
58,14,"[139, 486, 152, 79, 61, 0, 0, 0, 0, 0]",0.005,adam,relu,0,tanh,0,linear,simplernn,455,1.616572165,1.558990741,29.998285
,,,,,,,,,,,,,,
59,14,"[139, 486, 152, 79, 61, 0, 0, 0, 0, 0]",0.005,adam,relu,0,tanh,0,linear,simplernn,470,1.620276356,1.572553992,26.73934
,,,,,,,,,,,,,,
60,14,"[139, 486, 152, 79, 61, 0, 0, 0, 0, 0]",0.005,adam,relu,0,tanh,0,linear,simplernn,485,1.680093932,1.537444615,24.158177
,,,,,,,,,,,,,,
0,15,"[139, 486, 152, 79, 61, 0, 0, 0, 0, 0]",0.005,adam,relu,0,tanh,0,linear,none,0,1.804903603,1.438209748,7.648515
,,,,,,,,,,,,,,
1,15,"[139, 486, 152, 79, 61, 0, 0, 0, 0, 0]",0.005,adam,relu,0,tanh,0,linear,lstm,50,1.238430071,1.108570838,35.37853
,,,,,,,,,,,,,,
2,15,"[139, 486, 152, 79, 61, 0, 0, 0, 0, 0]",0.005,adam,relu,0,tanh,0,linear,lstm,65,1.206797302,1.063850212,36.148293
,,,,,,,,,,,,,,
3,15,"[139, 486, 152, 79, 61, 0, 0, 0, 0, 0]",0.005,adam,relu,0,tanh,0,linear,lstm,80,1.219158924,1.107262301,36.92804
,,,,,,,,,,,,,,
4,15,"[139, 486, 152, 79, 61, 0, 0, 0, 0, 0]",0.005,adam,relu,0,tanh,0,linear,lstm,95,1.266099393,1.169496441,41.361605
,,,,,,,,,,,,,,
5,15,"[139, 486, 152, 79, 61, 0, 0, 0, 0, 0]",0.005,adam,relu,0,tanh,0,linear,lstm,110,1.338170981,1.210087705,31.742718
,,,,,,,,,,,,,,
6,15,"[139, 486, 152, 79, 61, 0, 0, 0, 0, 0]",0.005,adam,relu,0,tanh,0,linear,lstm,125,1.125189173,1.029929984,44.305652
,,,,,,,,,,,,,,
7,15,"[139, 486, 152, 79, 61, 0, 0, 0, 0, 0]",0.005,adam,relu,0,tanh,0,linear,lstm,140,1.237549305,1.126718307,32.547488
,,,,,,,,,,,,,,
8,15,"[139, 486, 152, 79, 61, 0, 0, 0, 0, 0]",0.005,adam,relu,0,tanh,0,linear,lstm,155,1.244519567,1.135894299,37.993721
,,,,,,,,,,,,,,
9,15,"[139, 486, 152, 79, 61, 0, 0, 0, 0, 0]",0.005,adam,relu,0,tanh,0,linear,lstm,170,1.347096837,1.145716727,36.206276
,,,,,,,,,,,,,,
10,15,"[139, 486, 152, 79, 61, 0, 0, 0, 0, 0]",0.005,adam,relu,0,tanh,0,linear,lstm,185,1.257560909,1.142847586,35.521516
,,,,,,,,,,,,,,
11,15,"[139, 486, 152, 79, 61, 0, 0, 0, 0, 0]",0.005,adam,relu,0,tanh,0,linear,lstm,200,1.28557694,1.168410933,35.658451
,,,,,,,,,,,,,,
12,15,"[139, 486, 152, 79, 61, 0, 0, 0, 0, 0]",0.005,adam,relu,0,tanh,0,linear,lstm,215,1.264022791,1.143159187,39.961055
,,,,,,,,,,,,,,
13,15,"[139, 486, 152, 79, 61, 0, 0, 0, 0, 0]",0.005,adam,relu,0,tanh,0,linear,lstm,230,1.27114712,1.138437152,42.166343
,,,,,,,,,,,,,,
14,15,"[139, 486, 152, 79, 61, 0, 0, 0, 0, 0]",0.005,adam,relu,0,tanh,0,linear,lstm,245,1.190758169,1.04398421,41.596528
,,,,,,,,,,,,,,
15,15,"[139, 486, 152, 79, 61, 0, 0, 0, 0, 0]",0.005,adam,relu,0,tanh,0,linear,lstm,260,1.149441898,1.033542955,46.897812
,,,,,,,,,,,,,,
16,15,"[139, 486, 152, 79, 61, 0, 0, 0, 0, 0]",0.005,adam,relu,0,tanh,0,linear,lstm,275,1.259160006,1.152454925,40.77979
,,,,,,,,,,,,,,
17,15,"[139, 486, 152, 79, 61, 0, 0, 0, 0, 0]",0.005,adam,relu,0,tanh,0,linear,lstm,290,1.149599576,1.041430032,43.670855
,,,,,,,,,,,,,,
18,15,"[139, 486, 152, 79, 61, 0, 0, 0, 0, 0]",0.005,adam,relu,0,tanh,0,linear,lstm,305,1.341408229,1.23859278,39.670151
,,,,,,,,,,,,,,
19,15,"[139, 486, 152, 79, 61, 0, 0, 0, 0, 0]",0.005,adam,relu,0,tanh,0,linear,lstm,320,1.305818391,1.050729668,45.062404
,,,,,,,,,,,,,,
20,15,"[139, 486, 152, 79, 61, 0, 0, 0, 0, 0]",0.005,adam,relu,0,tanh,0,linear,lstm,335,1.267588782,1.116467154,40.335955
,,,,,,,,,,,,,,
21,15,"[139, 486, 152, 79, 61, 0, 0, 0, 0, 0]",0.005,adam,relu,0,tanh,0,linear,lstm,350,1.301515889,1.084842718,39.883084
,,,,,,,,,,,,,,
22,15,"[139, 486, 152, 79, 61, 0, 0, 0, 0, 0]",0.005,adam,relu,0,tanh,0,linear,lstm,365,1.244629669,1.110958624,42.716166
,,,,,,,,,,,,,,
23,15,"[139, 486, 152, 79, 61, 0, 0, 0, 0, 0]",0.005,adam,relu,0,tanh,0,linear,lstm,380,1.310553801,1.166712618,40.051027
,,,,,,,,,,,,,,
24,15,"[139, 486, 152, 79, 61, 0, 0, 0, 0, 0]",0.005,adam,relu,0,tanh,0,linear,lstm,395,1.292807341,1.204837942,46.09807
,,,,,,,,,,,,,,
25,15,"[139, 486, 152, 79, 61, 0, 0, 0, 0, 0]",0.005,adam,relu,0,tanh,0,linear,lstm,410,1.285104072,1.150130892,48.081427
,,,,,,,,,,,,,,
26,15,"[139, 486, 152, 79, 61, 0, 0, 0, 0, 0]",0.005,adam,relu,0,tanh,0,linear,lstm,425,1.350118625,1.21110599,42.373277
,,,,,,,,,,,,,,
27,15,"[139, 486, 152, 79, 61, 0, 0, 0, 0, 0]",0.005,adam,relu,0,tanh,0,linear,lstm,440,1.465039957,1.238032389,45.103393
,,,,,,,,,,,,,,
28,15,"[139, 486, 152, 79, 61, 0, 0, 0, 0, 0]",0.005,adam,relu,0,tanh,0,linear,lstm,455,1.234610784,1.123855066,48.832184
,,,,,,,,,,,,,,
29,15,"[139, 486, 152, 79, 61, 0, 0, 0, 0, 0]",0.005,adam,relu,0,tanh,0,linear,lstm,470,1.298698139,1.119177473,47.76053
,,,,,,,,,,,,,,
30,15,"[139, 486, 152, 79, 61, 0, 0, 0, 0, 0]",0.005,adam,relu,0,tanh,0,linear,lstm,485,1.271229255,1.124784291,49.157082
,,,,,,,,,,,,,,
31,15,"[139, 486, 152, 79, 61, 0, 0, 0, 0, 0]",0.005,adam,relu,0,tanh,0,linear,simplernn,50,1.59617548,1.223112011,17.128452
,,,,,,,,,,,,,,
32,15,"[139, 486, 152, 79, 61, 0, 0, 0, 0, 0]",0.005,adam,relu,0,tanh,0,linear,simplernn,65,1.614486885,1.405020189,18.25209
,,,,,,,,,,,,,,
33,15,"[139, 486, 152, 79, 61, 0, 0, 0, 0, 0]",0.005,adam,relu,0,tanh,0,linear,simplernn,80,1.464335322,1.332613909,20.207455
,,,,,,,,,,,,,,
34,15,"[139, 486, 152, 79, 61, 0, 0, 0, 0, 0]",0.005,adam,relu,0,tanh,0,linear,simplernn,95,1.330952644,1.104521346,22.035863
,,,,,,,,,,,,,,
35,15,"[139, 486, 152, 79, 61, 0, 0, 0, 0, 0]",0.005,adam,relu,0,tanh,0,linear,simplernn,110,1.595905113,1.31785562,19.631648
,,,,,,,,,,,,,,
36,15,"[139, 486, 152, 79, 61, 0, 0, 0, 0, 0]",0.005,adam,relu,0,tanh,0,linear,simplernn,125,1.598771453,1.16598556,20.716289
,,,,,,,,,,,,,,
37,15,"[139, 486, 152, 79, 61, 0, 0, 0, 0, 0]",0.005,adam,relu,0,tanh,0,linear,simplernn,140,1.60125134,1.281007898,20.983204
,,,,,,,,,,,,,,
38,15,"[139, 486, 152, 79, 61, 0, 0, 0, 0, 0]",0.005,adam,relu,0,tanh,0,linear,simplernn,155,1.919066358,1.3913059,19.616648
,,,,,,,,,,,,,,
39,15,"[139, 486, 152, 79, 61, 0, 0, 0, 0, 0]",0.005,adam,relu,0,tanh,0,linear,simplernn,170,1.913536119,1.358365703,20.90523
,,,,,,,,,,,,,,
40,15,"[139, 486, 152, 79, 61, 0, 0, 0, 0, 0]",0.005,adam,relu,0,tanh,0,linear,simplernn,185,1.512344718,1.395198524,23.182517
,,,,,,,,,,,,,,
41,15,"[139, 486, 152, 79, 61, 0, 0, 0, 0, 0]",0.005,adam,relu,0,tanh,0,linear,simplernn,200,1.680179358,1.364557827,23.098519
,,,,,,,,,,,,,,
42,15,"[139, 486, 152, 79, 61, 0, 0, 0, 0, 0]",0.005,adam,relu,0,tanh,0,linear,simplernn,215,1.55666883,1.450560498,25.362786
,,,,,,,,,,,,,,
43,15,"[139, 486, 152, 79, 61, 0, 0, 0, 0, 0]",0.005,adam,relu,0,tanh,0,linear,simplernn,230,1.596618915,1.39071753,24.21016
,,,,,,,,,,,,,,
44,15,"[139, 486, 152, 79, 61, 0, 0, 0, 0, 0]",0.005,adam,relu,0,tanh,0,linear,simplernn,245,1.57138443,1.451135397,23.81129
,,,,,,,,,,,,,,
45,15,"[139, 486, 152, 79, 61, 0, 0, 0, 0, 0]",0.005,adam,relu,0,tanh,0,linear,simplernn,260,1.693409562,1.484797502,24.824961
,,,,,,,,,,,,,,
46,15,"[139, 486, 152, 79, 61, 0, 0, 0, 0, 0]",0.005,adam,relu,0,tanh,0,linear,simplernn,275,1.778582406,1.471952701,22.025868
,,,,,,,,,,,,,,
47,15,"[139, 486, 152, 79, 61, 0, 0, 0, 0, 0]",0.005,adam,relu,0,tanh,0,linear,simplernn,290,1.501856446,1.433753037,28.095899
,,,,,,,,,,,,,,
48,15,"[139, 486, 152, 79, 61, 0, 0, 0, 0, 0]",0.005,adam,relu,0,tanh,0,linear,simplernn,305,1.604021478,1.426544333,23.723317
,,,,,,,,,,,,,,
49,15,"[139, 486, 152, 79, 61, 0, 0, 0, 0, 0]",0.005,adam,relu,0,tanh,0,linear,simplernn,320,1.533727527,1.418784142,24.908962
,,,,,,,,,,,,,,
50,15,"[139, 486, 152, 79, 61, 0, 0, 0, 0, 0]",0.005,adam,relu,0,tanh,0,linear,simplernn,335,1.588955402,1.441747713,25.133858
,,,,,,,,,,,,,,
51,15,"[139, 486, 152, 79, 61, 0, 0, 0, 0, 0]",0.005,adam,relu,0,tanh,0,linear,simplernn,350,1.672318625,1.475391006,28.551751
,,,,,,,,,,,,,,
52,15,"[139, 486, 152, 79, 61, 0, 0, 0, 0, 0]",0.005,adam,relu,0,tanh,0,linear,simplernn,365,1.622788858,1.525475693,25.989598
,,,,,,,,,,,,,,
53,15,"[139, 486, 152, 79, 61, 0, 0, 0, 0, 0]",0.005,adam,relu,0,tanh,0,linear,simplernn,380,1.70679512,1.55770843,24.967912
,,,,,,,,,,,,,,
54,15,"[139, 486, 152, 79, 61, 0, 0, 0, 0, 0]",0.005,adam,relu,0,tanh,0,linear,simplernn,395,1.511109757,1.408824563,27.364145
,,,,,,,,,,,,,,
55,15,"[139, 486, 152, 79, 61, 0, 0, 0, 0, 0]",0.005,adam,relu,0,tanh,0,linear,simplernn,410,1.572947717,1.473974371,27.247177
,,,,,,,,,,,,,,
56,15,"[139, 486, 152, 79, 61, 0, 0, 0, 0, 0]",0.005,adam,relu,0,tanh,0,linear,simplernn,425,1.621255064,1.560933948,23.538377
,,,,,,,,,,,,,,
57,15,"[139, 486, 152, 79, 61, 0, 0, 0, 0, 0]",0.005,adam,relu,0,tanh,0,linear,simplernn,440,1.990012479,1.735281014,23.545375
,,,,,,,,,,,,,,
58,15,"[139, 486, 152, 79, 61, 0, 0, 0, 0, 0]",0.005,adam,relu,0,tanh,0,linear,simplernn,455,1.609160018,1.560278106,26.12054
,,,,,,,,,,,,,,
59,15,"[139, 486, 152, 79, 61, 0, 0, 0, 0, 0]",0.005,adam,relu,0,tanh,0,linear,simplernn,470,1.61530633,1.533022976,25.164849
,,,,,,,,,,,,,,
60,15,"[139, 486, 152, 79, 61, 0, 0, 0, 0, 0]",0.005,adam,relu,0,tanh,0,linear,simplernn,485,1.595655203,1.502882481,28.945627
,,,,,,,,,,,,,,
0,16,"[139, 486, 152, 79, 61, 0, 0, 0, 0, 0]",0.005,adam,relu,0,tanh,0,linear,none,0,1.88737278,1.50221169,7.651499
,,,,,,,,,,,,,,
1,16,"[139, 486, 152, 79, 61, 0, 0, 0, 0, 0]",0.005,adam,relu,0,tanh,0,linear,lstm,50,1.243722773,1.145633507,38.923383
,,,,,,,,,,,,,,
2,16,"[139, 486, 152, 79, 61, 0, 0, 0, 0, 0]",0.005,adam,relu,0,tanh,0,linear,lstm,65,1.260222578,1.101275396,43.432932
,,,,,,,,,,,,,,
3,16,"[139, 486, 152, 79, 61, 0, 0, 0, 0, 0]",0.005,adam,relu,0,tanh,0,linear,lstm,80,1.196211183,1.046736324,36.116302
,,,,,,,,,,,,,,
4,16,"[139, 486, 152, 79, 61, 0, 0, 0, 0, 0]",0.005,adam,relu,0,tanh,0,linear,lstm,95,1.251174319,1.130519855,35.96535
,,,,,,,,,,,,,,
5,16,"[139, 486, 152, 79, 61, 0, 0, 0, 0, 0]",0.005,adam,relu,0,tanh,0,linear,lstm,110,1.230941331,1.108130825,38.508528
,,,,,,,,,,,,,,
6,16,"[139, 486, 152, 79, 61, 0, 0, 0, 0, 0]",0.005,adam,relu,0,tanh,0,linear,lstm,125,1.198433352,1.084773219,37.26693
,,,,,,,,,,,,,,
7,16,"[139, 486, 152, 79, 61, 0, 0, 0, 0, 0]",0.005,adam,relu,0,tanh,0,linear,lstm,140,1.212969291,1.063130283,37.197951
,,,,,,,,,,,,,,
8,16,"[139, 486, 152, 79, 61, 0, 0, 0, 0, 0]",0.005,adam,relu,0,tanh,0,linear,lstm,155,1.278667152,1.18179388,45.600231
,,,,,,,,,,,,,,
9,16,"[139, 486, 152, 79, 61, 0, 0, 0, 0, 0]",0.005,adam,relu,0,tanh,0,linear,lstm,170,1.235345173,1.036126816,37.022008
,,,,,,,,,,,,,,
10,16,"[139, 486, 152, 79, 61, 0, 0, 0, 0, 0]",0.005,adam,relu,0,tanh,0,linear,lstm,185,1.164662945,1.063794005,41.551542
,,,,,,,,,,,,,,
11,16,"[139, 486, 152, 79, 61, 0, 0, 0, 0, 0]",0.005,adam,relu,0,tanh,0,linear,lstm,200,1.297164738,1.181811798,34.941682
,,,,,,,,,,,,,,
12,16,"[139, 486, 152, 79, 61, 0, 0, 0, 0, 0]",0.005,adam,relu,0,tanh,0,linear,lstm,215,1.27970258,1.191902161,45.151375
,,,,,,,,,,,,,,
13,16,"[139, 486, 152, 79, 61, 0, 0, 0, 0, 0]",0.005,adam,relu,0,tanh,0,linear,lstm,230,1.190815985,1.077636683,53.7226
,,,,,,,,,,,,,,
14,16,"[139, 486, 152, 79, 61, 0, 0, 0, 0, 0]",0.005,adam,relu,0,tanh,0,linear,lstm,245,1.322389781,1.218486309,46.245023
,,,,,,,,,,,,,,
15,16,"[139, 486, 152, 79, 61, 0, 0, 0, 0, 0]",0.005,adam,relu,0,tanh,0,linear,lstm,260,1.173639512,1.042037988,44.67552
,,,,,,,,,,,,,,
16,16,"[139, 486, 152, 79, 61, 0, 0, 0, 0, 0]",0.005,adam,relu,0,tanh,0,linear,lstm,275,1.201611352,1.070177972,44.714519
,,,,,,,,,,,,,,
17,16,"[139, 486, 152, 79, 61, 0, 0, 0, 0, 0]",0.005,adam,relu,0,tanh,0,linear,lstm,290,1.397061491,1.252654934,34.724753
,,,,,,,,,,,,,,
18,16,"[139, 486, 152, 79, 61, 0, 0, 0, 0, 0]",0.005,adam,relu,0,tanh,0,linear,lstm,305,1.224752712,1.090599024,44.30865
,,,,,,,,,,,,,,
19,16,"[139, 486, 152, 79, 61, 0, 0, 0, 0, 0]",0.005,adam,relu,0,tanh,0,linear,lstm,320,1.191787374,1.018518043,43.93377
,,,,,,,,,,,,,,
20,16,"[139, 486, 152, 79, 61, 0, 0, 0, 0, 0]",0.005,adam,relu,0,tanh,0,linear,lstm,335,1.198938811,1.099753332,40.652833
,,,,,,,,,,,,,,
21,16,"[139, 486, 152, 79, 61, 0, 0, 0, 0, 0]",0.005,adam,relu,0,tanh,0,linear,lstm,350,1.193487716,1.096362209,46.710871
,,,,,,,,,,,,,,
22,16,"[139, 486, 152, 79, 61, 0, 0, 0, 0, 0]",0.005,adam,relu,0,tanh,0,linear,lstm,365,1.238978887,1.119530249,45.999103
,,,,,,,,,,,,,,
23,16,"[139, 486, 152, 79, 61, 0, 0, 0, 0, 0]",0.005,adam,relu,0,tanh,0,linear,lstm,380,1.205448306,1.081127036,44.791502
,,,,,,,,,,,,,,
24,16,"[139, 486, 152, 79, 61, 0, 0, 0, 0, 0]",0.005,adam,relu,0,tanh,0,linear,lstm,395,1.187923944,1.056163406,40.84477
,,,,,,,,,,,,,,
25,16,"[139, 486, 152, 79, 61, 0, 0, 0, 0, 0]",0.005,adam,relu,0,tanh,0,linear,lstm,410,1.230562901,1.145495737,42.329291
,,,,,,,,,,,,,,
26,16,"[139, 486, 152, 79, 61, 0, 0, 0, 0, 0]",0.005,adam,relu,0,tanh,0,linear,lstm,425,1.249970007,1.157756031,46.291006
,,,,,,,,,,,,,,
27,16,"[139, 486, 152, 79, 61, 0, 0, 0, 0, 0]",0.005,adam,relu,0,tanh,0,linear,lstm,440,1.242303467,1.151471901,44.86346
,,,,,,,,,,,,,,
28,16,"[139, 486, 152, 79, 61, 0, 0, 0, 0, 0]",0.005,adam,relu,0,tanh,0,linear,lstm,455,1.302752709,1.125443745,47.58259
,,,,,,,,,,,,,,
29,16,"[139, 486, 152, 79, 61, 0, 0, 0, 0, 0]",0.005,adam,relu,0,tanh,0,linear,lstm,470,1.430641448,1.262696862,44.484569
,,,,,,,,,,,,,,
30,16,"[139, 486, 152, 79, 61, 0, 0, 0, 0, 0]",0.005,adam,relu,0,tanh,0,linear,lstm,485,1.307035339,1.208720541,47.248698
,,,,,,,,,,,,,,
31,16,"[139, 486, 152, 79, 61, 0, 0, 0, 0, 0]",0.005,adam,relu,0,tanh,0,linear,simplernn,50,1.493403673,1.268437302,21.260114
,,,,,,,,,,,,,,
32,16,"[139, 486, 152, 79, 61, 0, 0, 0, 0, 0]",0.005,adam,relu,0,tanh,0,linear,simplernn,65,1.424608159,1.209421241,18.543992
,,,,,,,,,,,,,,
33,16,"[139, 486, 152, 79, 61, 0, 0, 0, 0, 0]",0.005,adam,relu,0,tanh,0,linear,simplernn,80,1.48845005,1.324834359,19.572661
,,,,,,,,,,,,,,
34,16,"[139, 486, 152, 79, 61, 0, 0, 0, 0, 0]",0.005,adam,relu,0,tanh,0,linear,simplernn,95,1.508238089,1.226858425,20.294427
,,,,,,,,,,,,,,
35,16,"[139, 486, 152, 79, 61, 0, 0, 0, 0, 0]",0.005,adam,relu,0,tanh,0,linear,simplernn,110,1.607053518,1.179211414,20.036512
,,,,,,,,,,,,,,
36,16,"[139, 486, 152, 79, 61, 0, 0, 0, 0, 0]",0.005,adam,relu,0,tanh,0,linear,simplernn,125,1.873971033,1.322171211,19.917547
,,,,,,,,,,,,,,
37,16,"[139, 486, 152, 79, 61, 0, 0, 0, 0, 0]",0.005,adam,relu,0,tanh,0,linear,simplernn,140,1.610358143,1.332666087,21.631994
,,,,,,,,,,,,,,
38,16,"[139, 486, 152, 79, 61, 0, 0, 0, 0, 0]",0.005,adam,relu,0,tanh,0,linear,simplernn,155,1.522475946,1.190107203,22.155825
,,,,,,,,,,,,,,
39,16,"[139, 486, 152, 79, 61, 0, 0, 0, 0, 0]",0.005,adam,relu,0,tanh,0,linear,simplernn,170,1.583133483,1.357516217,20.842248
,,,,,,,,,,,,,,
40,16,"[139, 486, 152, 79, 61, 0, 0, 0, 0, 0]",0.005,adam,relu,0,tanh,0,linear,simplernn,185,1.518096733,1.337893677,23.781296
,,,,,,,,,,,,,,
41,16,"[139, 486, 152, 79, 61, 0, 0, 0, 0, 0]",0.005,adam,relu,0,tanh,0,linear,simplernn,200,1.6857301,1.345281911,22.902584
,,,,,,,,,,,,,,
42,16,"[139, 486, 152, 79, 61, 0, 0, 0, 0, 0]",0.005,adam,relu,0,tanh,0,linear,simplernn,215,1.765630722,1.41371491,22.440732
,,,,,,,,,,,,,,
43,16,"[139, 486, 152, 79, 61, 0, 0, 0, 0, 0]",0.005,adam,relu,0,tanh,0,linear,simplernn,230,1.715365839,1.371508861,22.269788
,,,,,,,,,,,,,,
44,16,"[139, 486, 152, 79, 61, 0, 0, 0, 0, 0]",0.005,adam,relu,0,tanh,0,linear,simplernn,245,1.656722808,1.401649129,23.997227
,,,,,,,,,,,,,,
45,16,"[139, 486, 152, 79, 61, 0, 0, 0, 0, 0]",0.005,adam,relu,0,tanh,0,linear,simplernn,260,1.693922257,1.45601728,22.409781
,,,,,,,,,,,,,,
46,16,"[139, 486, 152, 79, 61, 0, 0, 0, 0, 0]",0.005,adam,relu,0,tanh,0,linear,simplernn,275,1.749150991,1.45702374,22.981554
,,,,,,,,,,,,,,
47,16,"[139, 486, 152, 79, 61, 0, 0, 0, 0, 0]",0.005,adam,relu,0,tanh,0,linear,simplernn,290,1.640795732,1.470151091,22.026864
,,,,,,,,,,,,,,
48,16,"[139, 486, 152, 79, 61, 0, 0, 0, 0, 0]",0.005,adam,relu,0,tanh,0,linear,simplernn,305,1.718203735,1.465583134,25.840631
,,,,,,,,,,,,,,
49,16,"[139, 486, 152, 79, 61, 0, 0, 0, 0, 0]",0.005,adam,relu,0,tanh,0,linear,simplernn,320,1.643395352,1.408325434,25.286812
,,,,,,,,,,,,,,
50,16,"[139, 486, 152, 79, 61, 0, 0, 0, 0, 0]",0.005,adam,relu,0,tanh,0,linear,simplernn,335,1.688041449,1.476359248,24.376105
,,,,,,,,,,,,,,
51,16,"[139, 486, 152, 79, 61, 0, 0, 0, 0, 0]",0.005,adam,relu,0,tanh,0,linear,simplernn,350,1.632365441,1.377555132,25.815638
,,,,,,,,,,,,,,
52,16,"[139, 486, 152, 79, 61, 0, 0, 0, 0, 0]",0.005,adam,relu,0,tanh,0,linear,simplernn,365,1.612133479,1.522133398,22.542701
,,,,,,,,,,,,,,
53,16,"[139, 486, 152, 79, 61, 0, 0, 0, 0, 0]",0.005,adam,relu,0,tanh,0,linear,simplernn,380,1.555513716,1.34325943,25.132866
,,,,,,,,,,,,,,
54,16,"[139, 486, 152, 79, 61, 0, 0, 0, 0, 0]",0.005,adam,relu,0,tanh,0,linear,simplernn,395,1.959351754,1.518631792,20.812258
,,,,,,,,,,,,,,
55,16,"[139, 486, 152, 79, 61, 0, 0, 0, 0, 0]",0.005,adam,relu,0,tanh,0,linear,simplernn,410,1.623311806,1.456409645,28.574747
,,,,,,,,,,,,,,
56,16,"[139, 486, 152, 79, 61, 0, 0, 0, 0, 0]",0.005,adam,relu,0,tanh,0,linear,simplernn,425,1.824904799,1.52136426,21.433058
,,,,,,,,,,,,,,
57,16,"[139, 486, 152, 79, 61, 0, 0, 0, 0, 0]",0.005,adam,relu,0,tanh,0,linear,simplernn,440,1.663969994,1.547283196,27.973948
,,,,,,,,,,,,,,
58,16,"[139, 486, 152, 79, 61, 0, 0, 0, 0, 0]",0.005,adam,relu,0,tanh,0,linear,simplernn,455,1.626313496,1.462266839,31.175903
,,,,,,,,,,,,,,
59,16,"[139, 486, 152, 79, 61, 0, 0, 0, 0, 0]",0.005,adam,relu,0,tanh,0,linear,simplernn,470,2.257179236,1.6280056,21.167145
,,,,,,,,,,,,,,
60,16,"[139, 486, 152, 79, 61, 0, 0, 0, 0, 0]",0.005,adam,relu,0,tanh,0,linear,simplernn,485,1.626944089,1.600493145,27.118216
,,,,,,,,,,,,,,
0,17,"[139, 486, 152, 79, 61, 0, 0, 0, 0, 0]",0.005,adam,relu,0,tanh,0,linear,none,0,1.785258317,1.339989877,7.184671
,,,,,,,,,,,,,,
1,17,"[139, 486, 152, 79, 61, 0, 0, 0, 0, 0]",0.005,adam,relu,0,tanh,0,linear,lstm,50,1.195785093,1.087853205,46.078073
,,,,,,,,,,,,,,
2,17,"[139, 486, 152, 79, 61, 0, 0, 0, 0, 0]",0.005,adam,relu,0,tanh,0,linear,lstm,65,1.271262467,1.155096626,35.10463
,,,,,,,,,,,,,,
3,17,"[139, 486, 152, 79, 61, 0, 0, 0, 0, 0]",0.005,adam,relu,0,tanh,0,linear,lstm,80,1.138937724,1.013340676,45.027413
,,,,,,,,,,,,,,
4,17,"[139, 486, 152, 79, 61, 0, 0, 0, 0, 0]",0.005,adam,relu,0,tanh,0,linear,lstm,95,1.15820514,1.034278083,37.988694
,,,,,,,,,,,,,,
5,17,"[139, 486, 152, 79, 61, 0, 0, 0, 0, 0]",0.005,adam,relu,0,tanh,0,linear,lstm,110,1.180072618,1.039341784,38.893402
,,,,,,,,,,,,,,
6,17,"[139, 486, 152, 79, 61, 0, 0, 0, 0, 0]",0.005,adam,relu,0,tanh,0,linear,lstm,125,1.298517334,1.203287017,42.407264
,,,,,,,,,,,,,,
7,17,"[139, 486, 152, 79, 61, 0, 0, 0, 0, 0]",0.005,adam,relu,0,tanh,0,linear,lstm,140,1.187348187,1.090655589,41.418583
,,,,,,,,,,,,,,
8,17,"[139, 486, 152, 79, 61, 0, 0, 0, 0, 0]",0.005,adam,relu,0,tanh,0,linear,lstm,155,1.229113996,1.116616654,38.765445
,,,,,,,,,,,,,,
9,17,"[139, 486, 152, 79, 61, 0, 0, 0, 0, 0]",0.005,adam,relu,0,tanh,0,linear,lstm,170,1.284681904,1.132114923,35.577476
,,,,,,,,,,,,,,
10,17,"[139, 486, 152, 79, 61, 0, 0, 0, 0, 0]",0.005,adam,relu,0,tanh,0,linear,lstm,185,1.210639083,1.112191582,48.838183
,,,,,,,,,,,,,,
11,17,"[139, 486, 152, 79, 61, 0, 0, 0, 0, 0]",0.005,adam,relu,0,tanh,0,linear,lstm,200,1.274884486,1.134825397,36.706111
,,,,,,,,,,,,,,
12,17,"[139, 486, 152, 79, 61, 0, 0, 0, 0, 0]",0.005,adam,relu,0,tanh,0,linear,lstm,215,1.199434495,1.094240427,38.653478
,,,,,,,,,,,,,,
13,17,"[139, 486, 152, 79, 61, 0, 0, 0, 0, 0]",0.005,adam,relu,0,tanh,0,linear,lstm,230,1.198321533,1.111091661,38.768443
,,,,,,,,,,,,,,
14,17,"[139, 486, 152, 79, 61, 0, 0, 0, 0, 0]",0.005,adam,relu,0,tanh,0,linear,lstm,245,1.251118565,1.110856664,36.908045
,,,,,,,,,,,,,,
15,17,"[139, 486, 152, 79, 61, 0, 0, 0, 0, 0]",0.005,adam,relu,0,tanh,0,linear,lstm,260,1.20804708,1.035590553,42.967082
,,,,,,,,,,,,,,
16,17,"[139, 486, 152, 79, 61, 0, 0, 0, 0, 0]",0.005,adam,relu,0,tanh,0,linear,lstm,275,1.24079324,1.103324831,46.630895
,,,,,,,,,,,,,,
17,17,"[139, 486, 152, 79, 61, 0, 0, 0, 0, 0]",0.005,adam,relu,0,tanh,0,linear,lstm,290,1.297373903,1.168141365,42.778145
,,,,,,,,,,,,,,
18,17,"[139, 486, 152, 79, 61, 0, 0, 0, 0, 0]",0.005,adam,relu,0,tanh,0,linear,lstm,305,1.271244884,1.140715909,44.868467
,,,,,,,,,,,,,,
19,17,"[139, 486, 152, 79, 61, 0, 0, 0, 0, 0]",0.005,adam,relu,0,tanh,0,linear,lstm,320,1.237445295,1.11889087,48.297357
,,,,,,,,,,,,,,
20,17,"[139, 486, 152, 79, 61, 0, 0, 0, 0, 0]",0.005,adam,relu,0,tanh,0,linear,lstm,335,1.313722932,1.139392507,43.317969
,,,,,,,,,,,,,,
21,17,"[139, 486, 152, 79, 61, 0, 0, 0, 0, 0]",0.005,adam,relu,0,tanh,0,linear,lstm,350,1.30074861,1.142693102,45.495263
,,,,,,,,,,,,,,
22,17,"[139, 486, 152, 79, 61, 0, 0, 0, 0, 0]",0.005,adam,relu,0,tanh,0,linear,lstm,365,1.31856761,1.204889429,44.753503
,,,,,,,,,,,,,,
23,17,"[139, 486, 152, 79, 61, 0, 0, 0, 0, 0]",0.005,adam,relu,0,tanh,0,linear,lstm,380,1.283244288,1.176789403,43.664856
,,,,,,,,,,,,,,
24,17,"[139, 486, 152, 79, 61, 0, 0, 0, 0, 0]",0.005,adam,relu,0,tanh,0,linear,lstm,395,1.263673246,1.092360389,41.701506
,,,,,,,,,,,,,,
25,17,"[139, 486, 152, 79, 61, 0, 0, 0, 0, 0]",0.005,adam,relu,0,tanh,0,linear,lstm,410,1.407062519,1.18966043,43.146036
,,,,,,,,,,,,,,
26,17,"[139, 486, 152, 79, 61, 0, 0, 0, 0, 0]",0.005,adam,relu,0,tanh,0,linear,lstm,425,1.522475648,1.21680131,42.170354
,,,,,,,,,,,,,,
27,17,"[139, 486, 152, 79, 61, 0, 0, 0, 0, 0]",0.005,adam,relu,0,tanh,0,linear,lstm,440,1.522853935,1.225161862,42.875103
,,,,,,,,,,,,,,
28,17,"[139, 486, 152, 79, 61, 0, 0, 0, 0, 0]",0.005,adam,relu,0,tanh,0,linear,lstm,455,1.210109997,1.036284435,48.770206
,,,,,,,,,,,,,,
29,17,"[139, 486, 152, 79, 61, 0, 0, 0, 0, 0]",0.005,adam,relu,0,tanh,0,linear,lstm,470,1.487978041,1.27102536,45.309316
,,,,,,,,,,,,,,
30,17,"[139, 486, 152, 79, 61, 0, 0, 0, 0, 0]",0.005,adam,relu,0,tanh,0,linear,lstm,485,1.316145778,1.106038487,47.35665
,,,,,,,,,,,,,,
31,17,"[139, 486, 152, 79, 61, 0, 0, 0, 0, 0]",0.005,adam,relu,0,tanh,0,linear,simplernn,50,1.468522525,1.224731874,19.03982
,,,,,,,,,,,,,,
32,17,"[139, 486, 152, 79, 61, 0, 0, 0, 0, 0]",0.005,adam,relu,0,tanh,0,linear,simplernn,65,1.715105772,1.286483812,18.194107
,,,,,,,,,,,,,,
33,17,"[139, 486, 152, 79, 61, 0, 0, 0, 0, 0]",0.005,adam,relu,0,tanh,0,linear,simplernn,80,1.603654242,1.315361333,17.311394
,,,,,,,,,,,,,,
34,17,"[139, 486, 152, 79, 61, 0, 0, 0, 0, 0]",0.005,adam,relu,0,tanh,0,linear,simplernn,95,1.420033431,1.226018918,23.240471
,,,,,,,,,,,,,,
35,17,"[139, 486, 152, 79, 61, 0, 0, 0, 0, 0]",0.005,adam,relu,0,tanh,0,linear,simplernn,110,1.481913519,1.265223026,21.947892
,,,,,,,,,,,,,,
36,17,"[139, 486, 152, 79, 61, 0, 0, 0, 0, 0]",0.005,adam,relu,0,tanh,0,linear,simplernn,125,1.648781395,1.305393243,20.845247
,,,,,,,,,,,,,,
37,17,"[139, 486, 152, 79, 61, 0, 0, 0, 0, 0]",0.005,adam,relu,0,tanh,0,linear,simplernn,140,1.537926459,1.431495833,25.346796
,,,,,,,,,,,,,,
38,17,"[139, 486, 152, 79, 61, 0, 0, 0, 0, 0]",0.005,adam,relu,0,tanh,0,linear,simplernn,155,1.788488865,1.586343527,18.866889
,,,,,,,,,,,,,,
39,17,"[139, 486, 152, 79, 61, 0, 0, 0, 0, 0]",0.005,adam,relu,0,tanh,0,linear,simplernn,170,2.020909262,1.546511245,23.084522
,,,,,,,,,,,,,,
40,17,"[139, 486, 152, 79, 61, 0, 0, 0, 0, 0]",0.005,adam,relu,0,tanh,0,linear,simplernn,185,1.879668593,1.374737048,18.396051
,,,,,,,,,,,,,,
41,17,"[139, 486, 152, 79, 61, 0, 0, 0, 0, 0]",0.005,adam,relu,0,tanh,0,linear,simplernn,200,1.650832081,1.415416622,21.203133
,,,,,,,,,,,,,,
42,17,"[139, 486, 152, 79, 61, 0, 0, 0, 0, 0]",0.005,adam,relu,0,tanh,0,linear,simplernn,215,1.956218362,1.459798336,19.065831
,,,,,,,,,,,,,,
43,17,"[139, 486, 152, 79, 61, 0, 0, 0, 0, 0]",0.005,adam,relu,0,tanh,0,linear,simplernn,230,1.599371433,1.422371602,22.191812
,,,,,,,,,,,,,,
44,17,"[139, 486, 152, 79, 61, 0, 0, 0, 0, 0]",0.005,adam,relu,0,tanh,0,linear,simplernn,245,1.672381043,1.413493228,21.503037
,,,,,,,,,,,,,,
45,17,"[139, 486, 152, 79, 61, 0, 0, 0, 0, 0]",0.005,adam,relu,0,tanh,0,linear,simplernn,260,1.551971006,1.411299098,27.326167
,,,,,,,,,,,,,,
46,17,"[139, 486, 152, 79, 61, 0, 0, 0, 0, 0]",0.005,adam,relu,0,tanh,0,linear,simplernn,275,1.503473783,1.344427192,27.716022
,,,,,,,,,,,,,,
47,17,"[139, 486, 152, 79, 61, 0, 0, 0, 0, 0]",0.005,adam,relu,0,tanh,0,linear,simplernn,290,1.602998066,1.491951823,26.146533
,,,,,,,,,,,,,,
48,17,"[139, 486, 152, 79, 61, 0, 0, 0, 0, 0]",0.005,adam,relu,0,tanh,0,linear,simplernn,305,1.461919737,1.390938509,29.582421
,,,,,,,,,,,,,,
49,17,"[139, 486, 152, 79, 61, 0, 0, 0, 0, 0]",0.005,adam,relu,0,tanh,0,linear,simplernn,320,1.505897403,1.369845617,31.284871
,,,,,,,,,,,,,,
50,17,"[139, 486, 152, 79, 61, 0, 0, 0, 0, 0]",0.005,adam,relu,0,tanh,0,linear,simplernn,335,1.565719843,1.456682062,24.669011
,,,,,,,,,,,,,,
51,17,"[139, 486, 152, 79, 61, 0, 0, 0, 0, 0]",0.005,adam,relu,0,tanh,0,linear,simplernn,350,1.562001896,1.424672818,27.896966
,,,,,,,,,,,,,,
52,17,"[139, 486, 152, 79, 61, 0, 0, 0, 0, 0]",0.005,adam,relu,0,tanh,0,linear,simplernn,365,1.582872081,1.525978136,27.032255
,,,,,,,,,,,,,,
53,17,"[139, 486, 152, 79, 61, 0, 0, 0, 0, 0]",0.005,adam,relu,0,tanh,0,linear,simplernn,380,1.544688988,1.474432087,26.022571
,,,,,,,,,,,,,,
54,17,"[139, 486, 152, 79, 61, 0, 0, 0, 0, 0]",0.005,adam,relu,0,tanh,0,linear,simplernn,395,1.518600392,1.455027509,24.432086
,,,,,,,,,,,,,,
55,17,"[139, 486, 152, 79, 61, 0, 0, 0, 0, 0]",0.005,adam,relu,0,tanh,0,linear,simplernn,410,1.538972425,1.486921835,30.33818
,,,,,,,,,,,,,,
56,17,"[139, 486, 152, 79, 61, 0, 0, 0, 0, 0]",0.005,adam,relu,0,tanh,0,linear,simplernn,425,1.558936357,1.50504899,27.963946
,,,,,,,,,,,,,,
57,17,"[139, 486, 152, 79, 61, 0, 0, 0, 0, 0]",0.005,adam,relu,0,tanh,0,linear,simplernn,440,1.578236699,1.505943274,26.873297
,,,,,,,,,,,,,,
58,17,"[139, 486, 152, 79, 61, 0, 0, 0, 0, 0]",0.005,adam,relu,0,tanh,0,linear,simplernn,455,1.539075303,1.472667789,35.280574
,,,,,,,,,,,,,,
59,17,"[139, 486, 152, 79, 61, 0, 0, 0, 0, 0]",0.005,adam,relu,0,tanh,0,linear,simplernn,470,1.809807467,1.669362044,23.835282
,,,,,,,,,,,,,,
60,17,"[139, 486, 152, 79, 61, 0, 0, 0, 0, 0]",0.005,adam,relu,0,tanh,0,linear,simplernn,485,1.570383477,1.52486496,31.126918
,,,,,,,,,,,,,,
0,18,"[139, 486, 152, 79, 61, 0, 0, 0, 0, 0]",0.005,adam,relu,0,tanh,0,linear,none,0,1.908133531,1.42304914,7.462584
,,,,,,,,,,,,,,
1,18,"[139, 486, 152, 79, 61, 0, 0, 0, 0, 0]",0.005,adam,relu,0,tanh,0,linear,lstm,50,1.287918258,1.169147611,38.579505
,,,,,,,,,,,,,,
2,18,"[139, 486, 152, 79, 61, 0, 0, 0, 0, 0]",0.005,adam,relu,0,tanh,0,linear,lstm,65,1.229856372,1.106161857,33.703085
,,,,,,,,,,,,,,
3,18,"[139, 486, 152, 79, 61, 0, 0, 0, 0, 0]",0.005,adam,relu,0,tanh,0,linear,lstm,80,1.22506268,1.091977954,38.015689
,,,,,,,,,,,,,,
4,18,"[139, 486, 152, 79, 61, 0, 0, 0, 0, 0]",0.005,adam,relu,0,tanh,0,linear,lstm,95,1.294579673,1.215508914,45.472272
,,,,,,,,,,,,,,
5,18,"[139, 486, 152, 79, 61, 0, 0, 0, 0, 0]",0.005,adam,relu,0,tanh,0,linear,lstm,110,1.231364429,1.106618202,40.831775
,,,,,,,,,,,,,,
6,18,"[139, 486, 152, 79, 61, 0, 0, 0, 0, 0]",0.005,adam,relu,0,tanh,0,linear,lstm,125,1.309397924,1.219895816,48.646244
,,,,,,,,,,,,,,
7,18,"[139, 486, 152, 79, 61, 0, 0, 0, 0, 0]",0.005,adam,relu,0,tanh,0,linear,lstm,140,1.170034993,1.066245234,36.52417
,,,,,,,,,,,,,,
8,18,"[139, 486, 152, 79, 61, 0, 0, 0, 0, 0]",0.005,adam,relu,0,tanh,0,linear,lstm,155,1.216819561,1.112022257,39.05535
,,,,,,,,,,,,,,
9,18,"[139, 486, 152, 79, 61, 0, 0, 0, 0, 0]",0.005,adam,relu,0,tanh,0,linear,lstm,170,1.183589375,1.066297209,39.803111
,,,,,,,,,,,,,,
10,18,"[139, 486, 152, 79, 61, 0, 0, 0, 0, 0]",0.005,adam,relu,0,tanh,0,linear,lstm,185,1.337546921,1.255866563,34.571803
,,,,,,,,,,,,,,
11,18,"[139, 486, 152, 79, 61, 0, 0, 0, 0, 0]",0.005,adam,relu,0,tanh,0,linear,lstm,200,1.256811285,1.141022027,39.365251
,,,,,,,,,,,,,,
12,18,"[139, 486, 152, 79, 61, 0, 0, 0, 0, 0]",0.005,adam,relu,0,tanh,0,linear,lstm,215,1.176119232,1.064493966,42.164352
,,,,,,,,,,,,,,
13,18,"[139, 486, 152, 79, 61, 0, 0, 0, 0, 0]",0.005,adam,relu,0,tanh,0,linear,lstm,230,1.238934028,1.130871141,40.345934
,,,,,,,,,,,,,,
14,18,"[139, 486, 152, 79, 61, 0, 0, 0, 0, 0]",0.005,adam,relu,0,tanh,0,linear,lstm,245,1.309293115,1.226543415,39.469208
,,,,,,,,,,,,,,
15,18,"[139, 486, 152, 79, 61, 0, 0, 0, 0, 0]",0.005,adam,relu,0,tanh,0,linear,lstm,260,1.278233302,1.164790154,42.062376
,,,,,,,,,,,,,,
16,18,"[139, 486, 152, 79, 61, 0, 0, 0, 0, 0]",0.005,adam,relu,0,tanh,0,linear,lstm,275,1.239724088,1.12501055,41.119669
,,,,,,,,,,,,,,
17,18,"[139, 486, 152, 79, 61, 0, 0, 0, 0, 0]",0.005,adam,relu,0,tanh,0,linear,lstm,290,1.278566778,1.180464482,35.605467
,,,,,,,,,,,,,,
18,18,"[139, 486, 152, 79, 61, 0, 0, 0, 0, 0]",0.005,adam,relu,0,tanh,0,linear,lstm,305,1.242291224,1.131538928,44.992415
,,,,,,,,,,,,,,
19,18,"[139, 486, 152, 79, 61, 0, 0, 0, 0, 0]",0.005,adam,relu,0,tanh,0,linear,lstm,320,1.242645836,1.135244286,43.647864
,,,,,,,,,,,,,,
20,18,"[139, 486, 152, 79, 61, 0, 0, 0, 0, 0]",0.005,adam,relu,0,tanh,0,linear,lstm,335,1.190099943,1.089154303,39.975055
,,,,,,,,,,,,,,
21,18,"[139, 486, 152, 79, 61, 0, 0, 0, 0, 0]",0.005,adam,relu,0,tanh,0,linear,lstm,350,1.197683251,1.082398462,42.153364
,,,,,,,,,,,,,,
22,18,"[139, 486, 152, 79, 61, 0, 0, 0, 0, 0]",0.005,adam,relu,0,tanh,0,linear,lstm,365,1.308338439,1.189070296,39.441226
,,,,,,,,,,,,,,
23,18,"[139, 486, 152, 79, 61, 0, 0, 0, 0, 0]",0.005,adam,relu,0,tanh,0,linear,lstm,380,1.274132383,1.128272891,42.598203
,,,,,,,,,,,,,,
24,18,"[139, 486, 152, 79, 61, 0, 0, 0, 0, 0]",0.005,adam,relu,0,tanh,0,linear,lstm,395,1.268524837,1.182002127,46.167059
,,,,,,,,,,,,,,
25,18,"[139, 486, 152, 79, 61, 0, 0, 0, 0, 0]",0.005,adam,relu,0,tanh,0,linear,lstm,410,1.324872553,1.177990413,45.236343
,,,,,,,,,,,,,,
26,18,"[139, 486, 152, 79, 61, 0, 0, 0, 0, 0]",0.005,adam,relu,0,tanh,0,linear,lstm,425,1.326336336,1.194693089,43.96776
,,,,,,,,,,,,,,
27,18,"[139, 486, 152, 79, 61, 0, 0, 0, 0, 0]",0.005,adam,relu,0,tanh,0,linear,lstm,440,1.360836244,1.170644987,45.957106
,,,,,,,,,,,,,,
28,18,"[139, 486, 152, 79, 61, 0, 0, 0, 0, 0]",0.005,adam,relu,0,tanh,0,linear,lstm,455,1.494246101,1.237993181,43.594868
,,,,,,,,,,,,,,
29,18,"[139, 486, 152, 79, 61, 0, 0, 0, 0, 0]",0.005,adam,relu,0,tanh,0,linear,lstm,470,1.428927779,1.248500359,41.807437
,,,,,,,,,,,,,,
30,18,"[139, 486, 152, 79, 61, 0, 0, 0, 0, 0]",0.005,adam,relu,0,tanh,0,linear,lstm,485,1.406011605,1.163632202,46.021084
,,,,,,,,,,,,,,
31,18,"[139, 486, 152, 79, 61, 0, 0, 0, 0, 0]",0.005,adam,relu,0,tanh,0,linear,simplernn,50,1.734033799,1.351924801,17.381371
,,,,,,,,,,,,,,
32,18,"[139, 486, 152, 79, 61, 0, 0, 0, 0, 0]",0.005,adam,relu,0,tanh,0,linear,simplernn,65,1.445859385,1.254659498,19.08282
,,,,,,,,,,,,,,
33,18,"[139, 486, 152, 79, 61, 0, 0, 0, 0, 0]",0.005,adam,relu,0,tanh,0,linear,simplernn,80,1.484921455,1.335153794,18.655958
,,,,,,,,,,,,,,
34,18,"[139, 486, 152, 79, 61, 0, 0, 0, 0, 0]",0.005,adam,relu,0,tanh,0,linear,simplernn,95,1.816110373,1.399795473,18.25309
,,,,,,,,,,,,,,
35,18,"[139, 486, 152, 79, 61, 0, 0, 0, 0, 0]",0.005,adam,relu,0,tanh,0,linear,simplernn,110,1.612748337,1.35873549,20.203454
,,,,,,,,,,,,,,
36,18,"[139, 486, 152, 79, 61, 0, 0, 0, 0, 0]",0.005,adam,relu,0,tanh,0,linear,simplernn,125,1.834997916,1.192043698,19.546671
,,,,,,,,,,,,,,
37,18,"[139, 486, 152, 79, 61, 0, 0, 0, 0, 0]",0.005,adam,relu,0,tanh,0,linear,simplernn,140,1.863645077,1.399851894,17.732257
,,,,,,,,,,,,,,
38,18,"[139, 486, 152, 79, 61, 0, 0, 0, 0, 0]",0.005,adam,relu,0,tanh,0,linear,simplernn,155,1.894810939,1.312361932,18.367053
,,,,,,,,,,,,,,
39,18,"[139, 486, 152, 79, 61, 0, 0, 0, 0, 0]",0.005,adam,relu,0,tanh,0,linear,simplernn,170,1.734182155,1.357174313,20.459373
,,,,,,,,,,,,,,
40,18,"[139, 486, 152, 79, 61, 0, 0, 0, 0, 0]",0.005,adam,relu,0,tanh,0,linear,simplernn,185,1.853848505,1.484549487,20.353409
,,,,,,,,,,,,,,
41,18,"[139, 486, 152, 79, 61, 0, 0, 0, 0, 0]",0.005,adam,relu,0,tanh,0,linear,simplernn,200,1.501250219,1.389142561,22.696652
,,,,,,,,,,,,,,
42,18,"[139, 486, 152, 79, 61, 0, 0, 0, 0, 0]",0.005,adam,relu,0,tanh,0,linear,simplernn,215,1.569776225,1.407726169,24.746985
,,,,,,,,,,,,,,
43,18,"[139, 486, 152, 79, 61, 0, 0, 0, 0, 0]",0.005,adam,relu,0,tanh,0,linear,simplernn,230,1.635901117,1.478390932,23.433412
,,,,,,,,,,,,,,
44,18,"[139, 486, 152, 79, 61, 0, 0, 0, 0, 0]",0.005,adam,relu,0,tanh,0,linear,simplernn,245,1.54692018,1.406593704,25.10087
,,,,,,,,,,,,,,
45,18,"[139, 486, 152, 79, 61, 0, 0, 0, 0, 0]",0.005,adam,relu,0,tanh,0,linear,simplernn,260,1.661310673,1.41998961,24.381104
,,,,,,,,,,,,,,
46,18,"[139, 486, 152, 79, 61, 0, 0, 0, 0, 0]",0.005,adam,relu,0,tanh,0,linear,simplernn,275,1.536398673,1.337229359,26.766332
,,,,,,,,,,,,,,
47,18,"[139, 486, 152, 79, 61, 0, 0, 0, 0, 0]",0.005,adam,relu,0,tanh,0,linear,simplernn,290,1.509060621,1.373950875,30.757039
,,,,,,,,,,,,,,
48,18,"[139, 486, 152, 79, 61, 0, 0, 0, 0, 0]",0.005,adam,relu,0,tanh,0,linear,simplernn,305,1.606672001,1.489673567,24.274139
,,,,,,,,,,,,,,
49,18,"[139, 486, 152, 79, 61, 0, 0, 0, 0, 0]",0.005,adam,relu,0,tanh,0,linear,simplernn,320,1.594271731,1.431493449,24.923927
,,,,,,,,,,,,,,
50,18,"[139, 486, 152, 79, 61, 0, 0, 0, 0, 0]",0.005,adam,relu,0,tanh,0,linear,simplernn,335,1.59567647,1.487570143,27.274166
,,,,,,,,,,,,,,
51,18,"[139, 486, 152, 79, 61, 0, 0, 0, 0, 0]",0.005,adam,relu,0,tanh,0,linear,simplernn,350,1.81194849,1.578683925,22.995553
,,,,,,,,,,,,,,
52,18,"[139, 486, 152, 79, 61, 0, 0, 0, 0, 0]",0.005,adam,relu,0,tanh,0,linear,simplernn,365,1.710974431,1.469831371,26.881294
,,,,,,,,,,,,,,
53,18,"[139, 486, 152, 79, 61, 0, 0, 0, 0, 0]",0.005,adam,relu,0,tanh,0,linear,simplernn,380,1.632411432,1.531350565,26.346467
,,,,,,,,,,,,,,
54,18,"[139, 486, 152, 79, 61, 0, 0, 0, 0, 0]",0.005,adam,relu,0,tanh,0,linear,simplernn,395,1.585768127,1.485273886,28.201867
,,,,,,,,,,,,,,
55,18,"[139, 486, 152, 79, 61, 0, 0, 0, 0, 0]",0.005,adam,relu,0,tanh,0,linear,simplernn,410,1.706614733,1.423344874,26.760332
,,,,,,,,,,,,,,
56,18,"[139, 486, 152, 79, 61, 0, 0, 0, 0, 0]",0.005,adam,relu,0,tanh,0,linear,simplernn,425,1.636809206,1.489172125,31.690735
,,,,,,,,,,,,,,
57,18,"[139, 486, 152, 79, 61, 0, 0, 0, 0, 0]",0.005,adam,relu,0,tanh,0,linear,simplernn,440,1.617936897,1.449862027,28.74269
,,,,,,,,,,,,,,
58,18,"[139, 486, 152, 79, 61, 0, 0, 0, 0, 0]",0.005,adam,relu,0,tanh,0,linear,simplernn,455,1.56948657,1.530423474,31.043945
,,,,,,,,,,,,,,
59,18,"[139, 486, 152, 79, 61, 0, 0, 0, 0, 0]",0.005,adam,relu,0,tanh,0,linear,simplernn,470,1.665177536,1.543913007,29.39448
,,,,,,,,,,,,,,
60,18,"[139, 486, 152, 79, 61, 0, 0, 0, 0, 0]",0.005,adam,relu,0,tanh,0,linear,simplernn,485,1.788133264,1.670475817,22.998552
,,,,,,,,,,,,,,
0,19,"[139, 486, 152, 79, 61, 0, 0, 0, 0, 0]",0.005,adam,relu,0,tanh,0,linear,none,0,1.782631564,1.35590086,7.163657
,,,,,,,,,,,,,,
1,19,"[139, 486, 152, 79, 61, 0, 0, 0, 0, 0]",0.005,adam,relu,0,tanh,0,linear,lstm,50,1.222062731,1.105047381,36.114294
,,,,,,,,,,,,,,
2,19,"[139, 486, 152, 79, 61, 0, 0, 0, 0, 0]",0.005,adam,relu,0,tanh,0,linear,lstm,65,1.231850123,1.126718903,46.665873
,,,,,,,,,,,,,,
3,19,"[139, 486, 152, 79, 61, 0, 0, 0, 0, 0]",0.005,adam,relu,0,tanh,0,linear,lstm,80,1.269922423,1.204037261,38.265607
,,,,,,,,,,,,,,
4,19,"[139, 486, 152, 79, 61, 0, 0, 0, 0, 0]",0.005,adam,relu,0,tanh,0,linear,lstm,95,1.238855267,1.076118851,34.177918
,,,,,,,,,,,,,,
5,19,"[139, 486, 152, 79, 61, 0, 0, 0, 0, 0]",0.005,adam,relu,0,tanh,0,linear,lstm,110,1.148340082,1.033329523,34.742748
,,,,,,,,,,,,,,
6,19,"[139, 486, 152, 79, 61, 0, 0, 0, 0, 0]",0.005,adam,relu,0,tanh,0,linear,lstm,125,1.29137156,1.148276472,32.494475
,,,,,,,,,,,,,,
7,19,"[139, 486, 152, 79, 61, 0, 0, 0, 0, 0]",0.005,adam,relu,0,tanh,0,linear,lstm,140,1.288196909,1.182668257,39.180311
,,,,,,,,,,,,,,
8,19,"[139, 486, 152, 79, 61, 0, 0, 0, 0, 0]",0.005,adam,relu,0,tanh,0,linear,lstm,155,1.220389163,1.094602454,36.700114
,,,,,,,,,,,,,,
9,19,"[139, 486, 152, 79, 61, 0, 0, 0, 0, 0]",0.005,adam,relu,0,tanh,0,linear,lstm,170,1.185548472,1.070675349,48.308342
,,,,,,,,,,,,,,
10,19,"[139, 486, 152, 79, 61, 0, 0, 0, 0, 0]",0.005,adam,relu,0,tanh,0,linear,lstm,185,1.222707367,1.122730792,47.581588
,,,,,,,,,,,,,,
11,19,"[139, 486, 152, 79, 61, 0, 0, 0, 0, 0]",0.005,adam,relu,0,tanh,0,linear,lstm,200,1.189727271,1.124447429,47.08475
,,,,,,,,,,,,,,
12,19,"[139, 486, 152, 79, 61, 0, 0, 0, 0, 0]",0.005,adam,relu,0,tanh,0,linear,lstm,215,1.298928714,1.215837932,37.562833
,,,,,,,,,,,,,,
13,19,"[139, 486, 152, 79, 61, 0, 0, 0, 0, 0]",0.005,adam,relu,0,tanh,0,linear,lstm,230,1.090770781,0.975492883,45.244345
,,,,,,,,,,,,,,
14,19,"[139, 486, 152, 79, 61, 0, 0, 0, 0, 0]",0.005,adam,relu,0,tanh,0,linear,lstm,245,1.330074131,1.168255723,34.462841
,,,,,,,,,,,,,,
15,19,"[139, 486, 152, 79, 61, 0, 0, 0, 0, 0]",0.005,adam,relu,0,tanh,0,linear,lstm,260,1.204751229,1.038227332,39.389276
,,,,,,,,,,,,,,
16,19,"[139, 486, 152, 79, 61, 0, 0, 0, 0, 0]",0.005,adam,relu,0,tanh,0,linear,lstm,275,1.260730958,1.108330405,37.306918
,,,,,,,,,,,,,,
17,19,"[139, 486, 152, 79, 61, 0, 0, 0, 0, 0]",0.005,adam,relu,0,tanh,0,linear,lstm,290,1.177050388,1.07233597,37.319915
,,,,,,,,,,,,,,
18,19,"[139, 486, 152, 79, 61, 0, 0, 0, 0, 0]",0.005,adam,relu,0,tanh,0,linear,lstm,305,1.243407536,1.097602165,38.027682
,,,,,,,,,,,,,,
19,19,"[139, 486, 152, 79, 61, 0, 0, 0, 0, 0]",0.005,adam,relu,0,tanh,0,linear,lstm,320,1.269905221,1.137796795,38.228619
,,,,,,,,,,,,,,
20,19,"[139, 486, 152, 79, 61, 0, 0, 0, 0, 0]",0.005,adam,relu,0,tanh,0,linear,lstm,335,1.231094313,1.108567977,43.075049
,,,,,,,,,,,,,,
21,19,"[139, 486, 152, 79, 61, 0, 0, 0, 0, 0]",0.005,adam,relu,0,tanh,0,linear,lstm,350,1.204259121,1.093517816,47.183738
,,,,,,,,,,,,,,
22,19,"[139, 486, 152, 79, 61, 0, 0, 0, 0, 0]",0.005,adam,relu,0,tanh,0,linear,lstm,365,1.216504085,1.055647659,44.781511
,,,,,,,,,,,,,,
23,19,"[139, 486, 152, 79, 61, 0, 0, 0, 0, 0]",0.005,adam,relu,0,tanh,0,linear,lstm,380,1.251030445,1.108939362,44.087718
,,,,,,,,,,,,,,
24,19,"[139, 486, 152, 79, 61, 0, 0, 0, 0, 0]",0.005,adam,relu,0,tanh,0,linear,lstm,395,1.20982641,1.07635622,45.274357
,,,,,,,,,,,,,,
25,19,"[139, 486, 152, 79, 61, 0, 0, 0, 0, 0]",0.005,adam,relu,0,tanh,0,linear,lstm,410,1.236935902,1.139033568,47.096748
,,,,,,,,,,,,,,
26,19,"[139, 486, 152, 79, 61, 0, 0, 0, 0, 0]",0.005,adam,relu,0,tanh,0,linear,lstm,425,1.281878996,1.132505405,46.73986
,,,,,,,,,,,,,,
27,19,"[139, 486, 152, 79, 61, 0, 0, 0, 0, 0]",0.005,adam,relu,0,tanh,0,linear,lstm,440,1.285201228,1.074179614,47.439636
,,,,,,,,,,,,,,
28,19,"[139, 486, 152, 79, 61, 0, 0, 0, 0, 0]",0.005,adam,relu,0,tanh,0,linear,lstm,455,1.337767339,1.175353813,46.647895
,,,,,,,,,,,,,,
29,19,"[139, 486, 152, 79, 61, 0, 0, 0, 0, 0]",0.005,adam,relu,0,tanh,0,linear,lstm,470,1.338477516,1.102777004,50.52064
,,,,,,,,,,,,,,
30,19,"[139, 486, 152, 79, 61, 0, 0, 0, 0, 0]",0.005,adam,relu,0,tanh,0,linear,lstm,485,1.259931493,1.103787267,42.82013
,,,,,,,,,,,,,,
31,19,"[139, 486, 152, 79, 61, 0, 0, 0, 0, 0]",0.005,adam,relu,0,tanh,0,linear,simplernn,50,1.430715322,1.281314778,18.239094
,,,,,,,,,,,,,,
32,19,"[139, 486, 152, 79, 61, 0, 0, 0, 0, 0]",0.005,adam,relu,0,tanh,0,linear,simplernn,65,1.488841391,1.230810881,17.998171
,,,,,,,,,,,,,,
33,19,"[139, 486, 152, 79, 61, 0, 0, 0, 0, 0]",0.005,adam,relu,0,tanh,0,linear,simplernn,80,1.565904498,1.31298213,17.260409
,,,,,,,,,,,,,,
34,19,"[139, 486, 152, 79, 61, 0, 0, 0, 0, 0]",0.005,adam,relu,0,tanh,0,linear,simplernn,95,1.649147677,1.217382813,17.941187
,,,,,,,,,,,,,,
35,19,"[139, 486, 152, 79, 61, 0, 0, 0, 0, 0]",0.005,adam,relu,0,tanh,0,linear,simplernn,110,1.54522717,1.339206409,18.044158
,,,,,,,,,,,,,,
36,19,"[139, 486, 152, 79, 61, 0, 0, 0, 0, 0]",0.005,adam,relu,0,tanh,0,linear,simplernn,125,1.729569769,1.352829671,19.494685
,,,,,,,,,,,,,,
37,19,"[139, 486, 152, 79, 61, 0, 0, 0, 0, 0]",0.005,adam,relu,0,tanh,0,linear,simplernn,140,1.774835849,1.352611113,20.338412
,,,,,,,,,,,,,,
38,19,"[139, 486, 152, 79, 61, 0, 0, 0, 0, 0]",0.005,adam,relu,0,tanh,0,linear,simplernn,155,1.617349148,1.327051306,20.172465
,,,,,,,,,,,,,,
39,19,"[139, 486, 152, 79, 61, 0, 0, 0, 0, 0]",0.005,adam,relu,0,tanh,0,linear,simplernn,170,1.736038208,1.3287907,20.733284
,,,,,,,,,,,,,,
40,19,"[139, 486, 152, 79, 61, 0, 0, 0, 0, 0]",0.005,adam,relu,0,tanh,0,linear,simplernn,185,1.874045539,1.408681178,20.255441
,,,,,,,,,,,,,,
41,19,"[139, 486, 152, 79, 61, 0, 0, 0, 0, 0]",0.005,adam,relu,0,tanh,0,linear,simplernn,200,1.956938314,1.439513898,23.564369
,,,,,,,,,,,,,,
42,19,"[139, 486, 152, 79, 61, 0, 0, 0, 0, 0]",0.005,adam,relu,0,tanh,0,linear,simplernn,215,1.846095848,1.363551188,19.890558
,,,,,,,,,,,,,,
43,19,"[139, 486, 152, 79, 61, 0, 0, 0, 0, 0]",0.005,adam,relu,0,tanh,0,linear,simplernn,230,2.086733985,1.557337117,20.326417
,,,,,,,,,,,,,,
44,19,"[139, 486, 152, 79, 61, 0, 0, 0, 0, 0]",0.005,adam,relu,0,tanh,0,linear,simplernn,245,1.845776606,1.392571473,21.674982
,,,,,,,,,,,,,,
45,19,"[139, 486, 152, 79, 61, 0, 0, 0, 0, 0]",0.005,adam,relu,0,tanh,0,linear,simplernn,260,1.843396163,1.590608454,22.784621
,,,,,,,,,,,,,,
46,19,"[139, 486, 152, 79, 61, 0, 0, 0, 0, 0]",0.005,adam,relu,0,tanh,0,linear,simplernn,275,1.644525337,1.51270504,24.407095
,,,,,,,,,,,,,,
47,19,"[139, 486, 152, 79, 61, 0, 0, 0, 0, 0]",0.005,adam,relu,0,tanh,0,linear,simplernn,290,1.673130846,1.47761898,22.5427
,,,,,,,,,,,,,,
48,19,"[139, 486, 152, 79, 61, 0, 0, 0, 0, 0]",0.005,adam,relu,0,tanh,0,linear,simplernn,305,1.600835919,1.454477739,27.821987
,,,,,,,,,,,,,,
49,19,"[139, 486, 152, 79, 61, 0, 0, 0, 0, 0]",0.005,adam,relu,0,tanh,0,linear,simplernn,320,1.830843282,1.644989014,21.224126
,,,,,,,,,,,,,,
50,19,"[139, 486, 152, 79, 61, 0, 0, 0, 0, 0]",0.005,adam,relu,0,tanh,0,linear,simplernn,335,1.5649652,1.481256962,25.07088
,,,,,,,,,,,,,,
51,19,"[139, 486, 152, 79, 61, 0, 0, 0, 0, 0]",0.005,adam,relu,0,tanh,0,linear,simplernn,350,1.501753974,1.438099003,31.689737
,,,,,,,,,,,,,,
52,19,"[139, 486, 152, 79, 61, 0, 0, 0, 0, 0]",0.005,adam,relu,0,tanh,0,linear,simplernn,365,1.561491418,1.509905386,25.282811
,,,,,,,,,,,,,,
53,19,"[139, 486, 152, 79, 61, 0, 0, 0, 0, 0]",0.005,adam,relu,0,tanh,0,linear,simplernn,380,1.623017359,1.530688286,23.205485
,,,,,,,,,,,,,,
54,19,"[139, 486, 152, 79, 61, 0, 0, 0, 0, 0]",0.005,adam,relu,0,tanh,0,linear,simplernn,395,1.516417575,1.469018173,31.527789
,,,,,,,,,,,,,,
55,19,"[139, 486, 152, 79, 61, 0, 0, 0, 0, 0]",0.005,adam,relu,0,tanh,0,linear,simplernn,410,1.613891053,1.558234489,27.442112
,,,,,,,,,,,,,,
56,19,"[139, 486, 152, 79, 61, 0, 0, 0, 0, 0]",0.005,adam,relu,0,tanh,0,linear,simplernn,425,1.530047131,1.450693321,33.198251
,,,,,,,,,,,,,,
57,19,"[139, 486, 152, 79, 61, 0, 0, 0, 0, 0]",0.005,adam,relu,0,tanh,0,linear,simplernn,440,1.530356431,1.46971364,29.367489
,,,,,,,,,,,,,,
58,19,"[139, 486, 152, 79, 61, 0, 0, 0, 0, 0]",0.005,adam,relu,0,tanh,0,linear,simplernn,455,1.572498941,1.517100263,27.289161
,,,,,,,,,,,,,,
59,19,"[139, 486, 152, 79, 61, 0, 0, 0, 0, 0]",0.005,adam,relu,0,tanh,0,linear,simplernn,470,1.530314708,1.49402082,35.419529
,,,,,,,,,,,,,,
60,19,"[139, 486, 152, 79, 61, 0, 0, 0, 0, 0]",0.005,adam,relu,0,tanh,0,linear,simplernn,485,1.863945389,1.743039775,26.115542
